County,Stream,Station ID,Latitude,Longitude,Location Description,Monitoring Date,Collection Time (net1),Collection Time (net2),Collection Time (net3),Collection Time (net4),First Page Comments,Worms,Flatworms,Leeches,Crayfish,Sowbugs,Scuds,Stoneflies,Mayflies,Dragonflies and Damselflies,"Hellgrammites, Fishflies, and Alderflies",Common Netspinners,Most Caddisflies,Beetles,Midges,Blackflies,Most True Flies,Gilled Snails,Lunged Snails,Clams,Other Organisms,Define Other Organism,Total Organisms,"Metric 1 - Percent Mayflies, Stoneflies, and Most Caddisflies",Metric 2 - Percent Common Netspinners,Metric 3 - Percent Lunged Snails,Metric 4 - Percent Beetles,Metric 5 - Percent Tolerant,Metric 6 - Percent Non-Insect,Multi Metric Score,Ecological Conditions,,,,,,,,,,,,,,,,,,,,,,,,,,,,,,,,,,,,,,,,,,,,,,,,,,,,,Fairfax,Accotink Creek,09-PL30-Acc-ACC2,38.837889,-77.221483,In Americana Park on the first large riffle just upstream of the Little River Turnpike overpasses.,1/27/2019,20,90,90,90,200 organisms were not found in 4 samples,5,,,,,,,,,,6,,,,,,,,,,,11,0,54.54545455,0,0,45.45454545,45.45454545,4,Unacceptable,,,,,,,,,,,,,,,,,,,,,,,,,,,,,,,,,,,,,,,,,,,,,,,,,,,,,Franklin,Gills Creek,11-RU25-Gil-GC-LH,37.1276,-79.7832,,2/2/2019,20,30,40,,,,,,,,,136,16,,6,68,,,22,62,2,,,,,,310,49.03225806,21.93548387,0,0,27.09677419,0,9,Acceptable,,,,,,,,,,,,,,,,,,,,,,,,,,,,,,,,,,,,,,,,,,,,,,,,,,,,,Fauquier,Great Run (West),F-10,38.704167,-77.8380556,"About 0.7 mi up 682 (Black Snake Ln) from int. w/ 802, upst from bridge",2/4/2019,20,,,,,1,1,,,,,9,31,,2,119,16,2,20,1,3,,,,,,205,27.31707317,58.04878049,0,0.975609756,11.2195122,0.975609756,7,Unacceptable,,,,,,,,,,,,,,,,,,,,,,,,,,,,,,,,,,,,,,,,,,,,,,,,,,,,,Franklin,Teels Creek,Ferguson Farm,37.061786,-79.920858,"On Ferguson Farm property, gravel road goes down by Teels Creek on the way to fenced garden.  There are several riffles in Teels Creek near this road.",2/4/2019,90,90,90,,"Heavy sediment in creek bottom, made rocks hard to pick up to rub.",4,,,,,,76,18,,1,37,2,7,125,8,1,,,,6,"~1/4 inch, tiny red head, no legs or tail:  possibly midge pupae?",285,33.68421053,12.98245614,0,2.456140351,48.07017544,1.403508772,9,Acceptable,,,,,,,,,,,,,,,,,,,,,,,,,,,,,,,,,,,,,,,,,,,,,,,,,,,,,Franklin,Gills Creek,11-RU25-Gil-GC-1,37.1071,-79.7307,,2/7/2019,20,40,50,,Temp in C.,,,,,,,173,24,5,,2,,3,19,2,3,,,,,,231,85.28138528,0.865800866,0,1.298701299,11.25541126,0,10,Acceptable,,,,,,,,,,,,,,,,,,,,,,,,,,,,,,,,,,,,,,,,,,,,,,,,,,,,,Franklin,Blackwater River,11-RU20-Bla-Blackwater-Dillon's Mill,37.07637,-80.04067,,2/10/2019,40,0,0,0,,4,,,,,,63,55,,1,132,20,15,1,,5,1,,,,,296,46.62162162,44.59459459,0,5.067567568,1.689189189,1.351351351,9,Acceptable,,,,,,,,,,,,,,,,,,,,,,,,,,,,,,,,,,,,,,,,,,,,,,,,,,,,,Franklin,Maggoddee Creek,11-RU23-Mag-Mag-1,37.1147,-79.9483,,2/10/2019,30,0,0,0,,1,,,,,,41,68,,1,171,,25,1,13,2,,,,,,323,33.74613003,52.94117647,0,7.73993808,4.643962848,0.309597523,10,Acceptable,,,,,,,,,,,,,,,,,,,,,,,,,,,,,,,,,,,,,,,,,,,,,,,,,,,,,Fairfax,Middle Run,18-PL29-Poh-MR2,38.750743,-77.241395,In Middle Run Stream Valley Park just downstream of Fairfax County Pkwy.,2/18/2019,40,60,60,,,45,10,0,0,0,0,0,0,0,0,288,0,0,9,0,0,0,0,3,0,,355,0,81.12676056,0,0,18.87323944,16.33802817,5,Unacceptable,,,,,,,,,,,,,,,,,,,,,,,,,,,,,,,,,,,,,,,,,,,,,,,,,,,,,Fairfax,Snakeden Branch,09-PL22-Sna-DR3,38.9338,-77.3231,,1/9/2019,60,,,,,3,211,0,0,0,23,0,3,0,13,212,80,9,37,10,0,0,0,0,0,,601,13.81031614,35.27454243,0,1.49750416,47.25457571,39.43427621,3,Unacceptable,,,,,,,,,,,,,,,,,,,,,,,,,,,,,,,,,,,,,,,,,,,,,,,,,,,,,Prince William,Bull Run-- Young's Branch,09-PL44-Bul-Bull Run - Manassas,38.804361,-77.556977,,2/16/2019,90,90,90,90,"Mayflies: 1 small squaregills, 2 flatheaded; 8 damselflies; 4 hellgrammites; 3 Philopotamidae; Beetles:  7 water penny, 7 adult riffle, 4 riffle larva; 4 Tipulidae",3,6,,,,1,3,5,8,4,7,3,18,28,7,3,,,4,,,100,11,7,0,18,57,14,8,Grayzone,,,,,,,,,,,,,,,,,,,,,,,,,,,,,,,,,,,,,,,,,,,,,,,,,,,,,Fairfax,Sugarland Run Tributary,09-PL21-Sug-SLR4,38.9788,-77.3644,,2/16/2019,90,90,90,90,1 Fish.,11,4,0,0,0,0,0,0,4,1,154,,2,10,0,1,0,3,0,0,,190,0,81.05263158,1.578947368,1.052631579,16.84210526,9.473684211,3,Unacceptable,,,,,,,,,,,,,,,,,,,,,,,,,,,,,,,,,,,,,,,,,,,,,,,,,,,,,Fairfax,Snakeden Branch,09-PL22-Sna-DR19,38.9299,-77.3459,,2/17/2019,90,90,90,90,,2,0,0,0,0,0,0,0,0,0,13,0,0,14,0,13,0,0,0,1,,43,0,30.23255814,0,0,37.20930233,4.651162791,7,Unacceptable,,,,,,,,,,,,,,,,,,,,,,,,,,,,,,,,,,,,,,,,,,,,,,,,,,,,,Fairfax,Little Difficult Run,DR04,38.911096,-77.358156,in Fox Mill District Park,2/23/2019,80,80,80,,,4,0,0,0,0,1,0,0,0,0,38,104,4,3,1,48,0,0,0,0,,203,51.23152709,18.71921182,0,1.97044335,4.433497537,2.463054187,10,Acceptable,,,,,,,,,,,,,,,,,,,,,,,,,,,,,,,,,,,,,,,,,,,,,,,,,,,,,Fairfax,Wolftrap Stream,DR12,38.918686,-77.263073,"In Foxstone Park at intersection of Foxstone Drive and Ridge Lane in Vienna, VA",2/24/2019,45,45,,,,1,1,,,,,,,,,274,,2,,,,,,,,,278,0,98.56115108,0,0.71942446,0.71942446,0.71942446,6,Unacceptable,,,,,,,,,,,,,,,,,,,,,,,,,,,,,,,,,,,,,,,,,,,,,,,,,,,,,Fairfax,Accotink Creek,ACC14,38.8046,-77.232,"Lake Accotink Park, downstream from the lake.  Park at visitor's center, walk down trail from main office to creek, just downstream to first good riffles.  Monitors: Friends of Accotink and Fairfax County Park Authority staff",3/9/2019,90,90,,,,111,,3,,,,,,,,20,,,76,,,,,3,,,213,0,9.389671362,0,0,90.61032864,54.92957746,4,Unacceptable,,,,,,,,,,,,,,,,,,,,,,,,,,,,,,,,,,,,,,,,,,,,,,,,,,,,,Fairfax,Holmes Run,09-PL26-Hol-Holmes Run 2,38.8526,-77.1959,,3/10/2019,90,90,90,90,"14 feet for width and 12 inches for depth

net 5 was also 90 seconds

stream was flowing swiftly from all the rain and snow melt.",8,68,0,0,0,0,0,0,0,0,29,0,42,117,1,7,0,1,1,,,274,0,10.58394161,0.364963504,15.32846715,71.53284672,28.46715328,5,Unacceptable,,,,,,,,,,,,,,,,,,,,,,,,,,,,,,,,,,,,,,,,,,,,,,,,,,,,,Montgomery,Den Creek,1211DC,37.1579,-80.3266,"Location
Den Creek on the Christiansburg/Montgomery Chapter of the Izaak Walton League of America property.    Den Creek  is a tributary to the North Fork of the Roanoke River",3/10/2019,20,20,15,,High flow events recently have likely affected benthic macroinvertebrate populations due to channel scouring.,2,0,0,1,0,0,0,123,0,8,13,98,1,1,4,5,0,0,0,0,,256,86.328125,5.078125,0,0.390625,2.734375,1.171875,10,Acceptable,,,,,,,,,,,,,,,,,,,,,,,,,,,,,,,,,,,,,,,,,,,,,,,,,,,,,Pittsylvania,Unnamed tributary to Sandy Creek,DRB-2,36.606575,-79.419334,"This stream is part of the Dan River Basin Associations ongoing Citizen Water Quality Monitoring program in Danville, VA.",3/10/2019,90,90,90,,Stream changed due to flooding and road work which added a new culvert. Deeper and wider stream bed ,3,,,,,,,,,,,,,255,,,,,,,,258,0,0,0,0,100,1.162790698,6,Unacceptable,,,,,,,,,,,,,,,,,,,,,,,,,,,,,,,,,,,,,,,,,,,,,,,,,,,,,Franklin,Gills Creek,11-RU25-Gil-GC-2,37.1583,-79.855,,3/14/2019,20,25,0,0,Temp in celsius,1,,,,,,87,129,1,,,,8,14,16,21,,,,,,277,77.97833935,0,0,2.888086643,11.55234657,0.36101083,10,Acceptable,,,,,,,,,,,,,,,,,,,,,,,,,,,,,,,,,,,,,,,,,,,,,,,,,,,,,Franklin,Foul Ground Creek,11-RU24-Fou-FGC,37.0422,-79.7516,"4351 Webster Road, Glade Hill - 1200 ft across field behind house
",3/17/2019,20,,,,,1,,,,,,6,55,,2,219,6,,13,28,1,,,,,,331,20.24169184,66.16314199,0,0,12.68882175,0.302114804,7,Unacceptable,,,,,,,,,,,,,,,,,,,,,,,,,,,,,,,,,,,,,,,,,,,,,,,,,,,,,Franklin,Poplar Camp Creek,11-RU24-Pop-PCC,37.0151,-79.7704944,"100 yds up from bridge at 975  Ayers Road on Brooks farm, Glade Hill",3/19/2019,25,,,,,1,,,,,,17,4,,,7,148,,10,17,5,5,,,,,214,78.97196262,3.271028037,0,0,13.08411215,2.803738318,10,Acceptable,,,,,,,,,,,,,,,,,,,,,,,,,,,,,,,,,,,,,,,,,,,,,,,,,,,,,Fairfax,Colvin Run (unnamed tributary),09-PL01-Col-DR20,38.9634,-77.3299,"Site is located downstream from Lake Anne, behind Tall Oaks at bridge 17 and Reston Unitarian Church.  Downstream from Wiehle Ave.",2/3/2019,90,90,,,Minnow; unidentified pieces of whitish light orang larvae or bulbous insect; springtail; empty caddisfly casings. Unidentified insect like a penny beetle w/ hairlike legs.,10,8,1,,1,14,,,2,6,183,5,1,12,,2,,1,,,,246,2.032520325,74.3902439,0.406504065,0.406504065,19.91869919,14.22764228,4,Unacceptable,,,,,,,,,,,,,,,,,,,,,,,,,,,,,,,,,,,,,,,,,,,,,,,,,,,,,Fairfax,Snakeden Branch,09-PL22-Sna-DR3,38.9338,-77.3231,,3/26/2019,60,60,,,,5,18,0,0,0,29,0,1,,4,44,41,136,56,,,,,,,,334,12.5748503,13.17365269,0,40.71856287,32.33532934,15.56886228,9,Acceptable,,,,,,,,,,,,,,,,,,,,,,,,,,,,,,,,,,,,,,,,,,,,,,,,,,,,,Franklin,Storey Creek,SC_US_1,36.923539,-80.021241,This site is located across Route 40 from Wiley Dr on Ferrum College Campus.  The riffle is just above the confluence of Ferrum Mountain Creek upstream of the campus lake.,3/26/2019,20,40,,,,3,,,2,,,14,14,,,5,1,19,219,2,7,5,,,,,291,9.965635739,1.718213058,0,6.529209622,76.97594502,3.436426117,8,Grayzone,,,,,,,,,,,,,,,,,,,,,,,,,,,,,,,,,,,,,,,,,,,,,,,,,,,,,Bedford,Jumping Run Creek,JRC,37.20517,-79.70994,off Goodview Road Rt 653 near Sycamore - approx. 100 ft down stream from cement bridge in field off road,3/29/2019,30,90,20,,,16,,,1,,,14,26,,4,50,9,4,72,14,1,,,,,,210,23.33333333,23.80952381,0,1.904761905,48.57142857,8.095238095,6,Unacceptable,,,,,,,,,,,,,,,,,,,,,,,,,,,,,,,,,,,,,,,,,,,,,,,,,,,,,Rappahannock,Rush River,R-3,38.71333,-78.15111,Rt 211/ 522 - DEQ Monitoring Site - RUS 005.66,3/29/2019,30,,,,,4,0,0,0,0,0,16,191,0,0,14,2,0,3,96,10,0,0,0,0,,336,62.20238095,4.166666667,0,0,30.6547619,1.19047619,10,Acceptable,,,,,,,,,,,,,,,,,,,,,,,,,,,,,,,,,,,,,,,,,,,,,,,,,,,,,Roanoke,Barnhart Creek,11-RU14-Bar-BHT,37.2561,-80.0339,,4/2/2019,20,45,5,,,,,,,,,12,5,,,38,10,6,134,12,17,,,,,,234,11.53846154,16.23931624,0,2.564102564,62.39316239,0,6,Unacceptable,,,,,,,,,,,,,,,,,,,,,,,,,,,,,,,,,,,,,,,,,,,,,,,,,,,,,Roanoke,Tinker Creek,Tinker Creek,37.330408,-79.932943,Tinker Creek behind Steve Rossi's house (1037 Bolejack Blvd Roanoke VA). Site located on riffles directer next to old springhouse.,3/30/2019,20,0,0,0,Former Riffle blown out and almost all bed rock. Sample done near area of ,2,0,0,1,0,0,0,32,0,0,7,19,8,261,3,1,14,0,0,0,0,348,14.65517241,2.011494253,0,2.298850575,76.43678161,4.885057471,6,Unacceptable,,,,,,,,,,,,,,,,,,,,,,,,,,,,,,,,,,,,,,,,,,,,,,,,,,,,,Rockbridge,Mouse Run - Maury River,13-JU74-Mou-12-MOU-01,37.874,-79.379,,4/3/2019,90,,,,,2,0,0,3,0,0,194,121,1,1,2,12,18,29,24,2,0,0,0,0,,409,79.95110024,0.488997555,0,4.400977995,13.69193154,1.222493888,11,Acceptable,,,,,,,,,,,,,,,,,,,,,,,,,,,,,,,,,,,,,,,,,,,,,,,,,,,,,Fairfax,Pohick Creek,14-PL29-Poh-POH14,38.770781,-77.240288,At Hidden Pond Nature Center off of Greeley Drive.,2/16/2019,90,90,,,,10,21,0,1,0,0,0,0,0,2,423,0,13,0,0,1,0,0,0,1,fish,472,0,89.61864407,0,2.754237288,6.56779661,6.779661017,5,Unacceptable,,,,,,,,,,,,,,,,,,,,,,,,,,,,,,,,,,,,,,,,,,,,,,,,,,,,,Prince William,Bull Run-- Young's Branch,09-PL44-Bul-Bull Run - Manassas,38.804361,-77.556977,,4/6/2019,90,60,,,"Mayflies: 3 brushlegged, 3 flathead, 1 small squaregill; 10 damselfly; 2 hellgrammites; Most caddis: 4 Philopotamidae, 1 free living; Beetles: 24 riffle adult, 89 riffle larva, 2 water penny; Most True Fly: 1 Tipulidae, 1 Empididae",11,4,,1,,,4,7,10,2,10,5,115,61,3,2,,,,,,235,6.808510638,4.255319149,0,48.93617021,37.87234043,6.808510638,9,Acceptable,,,,,,,,,,,,,,,,,,,,,,,,,,,,,,,,,,,,,,,,,,,,,,,,,,,,,Fairfax,Popes Head Creek,09-PL46-Pop-PHC2,38.7889,-77.3621,,4/8/2019,90,90,,,,,2,,,,,1,,,1,12,11,71,233,2,3,,,,,,336,3.571428571,3.571428571,0,21.13095238,70.53571429,0.595238095,8,Grayzone,,,,,,,,,,,,,,,,,,,,,,,,,,,,,,,,,,,,,,,,,,,,,,,,,,,,,Rappahannock,North Fork Thornton,10-RA11-Nor-R-7,38.6575,-78.2156,,4/8/2019,30,30,,,,3,0,0,0,0,0,55,35,0,0,39,55,7,2,1,11,0,0,0,0,,208,69.71153846,18.75,0,3.365384615,2.884615385,1.442307692,11,Acceptable,,,,,,,,,,,,,,,,,,,,,,,,,,,,,,,,,,,,,,,,,,,,,,,,,,,,,Rappahannock,South Fork Thornton River,R-5,38.65722,-78.21611,Confluence with North Fork Thornton,4/8/2019,30,20,,,,0,0,0,0,0,0,19,126,6,0,41,16,1,86,10,1,0,0,0,0,,306,52.61437908,13.39869281,0,0.326797386,33.33333333,0,10,Acceptable,,,,,,,,,,,,,,,,,,,,,,,,,,,,,,,,,,,,,,,,,,,,,,,,,,,,,Fairfax,Snakeden Branch,09-PL22-Sna-DR30,38.9289,-77.3397,,4/12/2019,60,60,,,Trout Fishing Day two weekends prior.,12,0,0,0,0,1,0,,2,0,8,0,34,164,1,2,,,,,,224,0,3.571428571,0,15.17857143,80.35714286,5.803571429,7,Unacceptable,,,,,,,,,,,,,,,,,,,,,,,,,,,,,,,,,,,,,,,,,,,,,,,,,,,,,Franklin,Grimes Creek,11-RU18-Gri-GrC,37.168,-79.7295,,4/11/2019,45,45,90,90,,,,1,,,,113,54,10,4,17,1,3,5,,2,,,,,,210,80,8.095238095,0,1.428571429,7.619047619,0.476190476,10,Acceptable,,,,,,,,,,,,,,,,,,,,,,,,,,,,,,,,,,,,,,,,,,,,,,,,,,,,,Fairfax,Wolftrap Creek,17-PL22-Wtrap-DR39,38.902188,-77.2619,In Wildwood Park in the Town of Vienna at the footbridge over the creek south of Follin Lane and near the dead end of Valley Dr SE.,4/14/2019,60,90,,,"The first netting I only used the hand rubbing method, but that didn't net too many insects so the second time I used the rock rubbing and ""twist"" methods.",2,,,,,,1,1,,,218,5,1,36,,1,,,,,,265,2.641509434,82.26415094,0,0.377358491,14.33962264,0.754716981,6,Unacceptable,,,,,,,,,,,,,,,,,,,,,,,,,,,,,,,,,,,,,,,,,,,,,,,,,,,,,Fairfax,Colvin Run,Colvin Run - 09-PL22-Col-DR35,38.964,-77.3149,In Lake Fairfax Park just downstream of the Lake's dam outflow,4/2/2019,60,60,,,,3,97,1,0,1,46,0,3,13,0,100,74,9,112,0,0,0,0,2,0,,461,16.70281996,21.69197397,0,1.952277657,59.65292842,32.53796095,5,Unacceptable,,,,,,,,,,,,,,,,,,,,,,,,,,,,,,,,,,,,,,,,,,,,,,,,,,,,,Franklin,Indian Run,11-RU18-Ind-InR-1,37.14,-79.7509,,4/16/2019,20,0,0,0,Riffle moved upstream 5-8 ft and staging area in now an island,1,0,0,0,0,0,101,92,0,1,13,2,23,2,0,0,0,0,0,,,235,82.9787234,5.531914894,0,9.787234043,1.276595745,0.425531915,12,Acceptable,,,,,,,,,,,,,,,,,,,,,,,,,,,,,,,,,,,,,,,,,,,,,,,,,,,,,Fairfax,Sugarland Run Tributary,09-PL21-Sug-SLR4,38.9788,-77.3644,,4/14/2019,90,,,,,8,1,2,,,,,,,6,183,,14,83,2,,,,,,,299,0,61.20401338,0,4.682274247,32.10702341,3.678929766,7,Unacceptable,,,,,,,,,,,,,,,,,,,,,,,,,,,,,,,,,,,,,,,,,,,,,,,,,,,,,Fairfax,Middle Run,18-PL29-Poh-MR2,38.750743,-77.241395,In Middle Run Stream Valley Park just downstream of Fairfax County Pkwy.,4/20/2019,60,,,,,258,0,0,0,0,0,0,0,0,0,80,0,0,41,0,0,0,0,0,,,381,0,20.99737533,0,0,78.47769029,67.71653543,3,Unacceptable,,,,,,,,,,,,,,,,,,,,,,,,,,,,,,,,,,,,,,,,,,,,,,,,,,,,,Fairfax,Sugarland Run,09-PL21-Sug-SLR2,38.9592,-77.3714,,4/20/2019,60,60,,,"A cyclist stopped by to return a turtle to the stream. 

1 2"" fish caught in net.

Skink spotted among rocks.",7,5,,,1,1,,4,9,,55,38,11,987,10,1,1,,1,2,,1133,3.706972639,4.854368932,0,0.970873786,90.11473963,1.412180053,6,Unacceptable,,,,,,,,,,,,,,,,,,,,,,,,,,,,,,,,,,,,,,,,,,,,,,,,,,,,,Richmond,Albro Creek,JRA1,37.49715,-77.43922,"Bellemeade Community Center, Richmond, VA",4/23/2019,20,90,,,,39,,,,,,,,,,,,,227,,2,,,,,,268,0,0,0,0,99.25373134,14.55223881,5,Unacceptable,,,,,,,,,,,,,,,,,,,,,,,,,,,,,,,,,,,,,,,,,,,,,,,,,,,,,Bedford,Stoney Creek,sml9,37.16817,-79.68545,Our site is in the Beechwood West subdivision off Gap Bridge Rd. near Smith Mountain lake.,4/16/2019,20,30,30,,,3,0,0,1,0,0,74,43,2,0,9,12,16,59,2,2,0,0,0,,,223,57.84753363,4.035874439,0,7.174887892,29.59641256,1.793721973,12,Acceptable,,,,,,,,,,,,,,,,,,,,,,,,,,,,,,,,,,,,,,,,,,,,,,,,,,,,,Fairfax,Accotink Creek,19-PL30-Acc-ACC19,38.861245,-77.265736,In county parkland just downstream of Pickett Rd and the baseball fields in Fairfax City's Thaiss Park. Near the intersection of Mills Springs Drive and Santayana Drive,4/20/2019,25,25,,,,51,0,0,0,0,0,0,2,0,0,14,0,3,197,2,1,0,0,0,2,earthworms,272,0.735294118,5.147058824,0,1.102941176,91.91176471,18.75,5,Unacceptable,,,,,,,,,,,,,,,,,,,,,,,,,,,,,,,,,,,,,,,,,,,,,,,,,,,,,Fairfax,Colvin Run (unnamed tributary),09-PL01-Col-DR20,38.9634,-77.3299,"Site is located downstream from Lake Anne, behind Tall Oaks at bridge 17 and Reston Unitarian Church.  Downstream from Wiehle Ave.",4/28/2019,60,,,,,10,2,,,4,44,,7,1,1,20,3,11,121,33,3,,1,,,,261,3.831417625,7.662835249,0.383141762,4.214559387,82.75862069,23.37164751,4,Unacceptable,,,,,,,,,,,,,,,,,,,,,,,,,,,,,,,,,,,,,,,,,,,,,,,,,,,,,Spotsylvania,Pipe Dam Run,1,38.332785,-77.611317,"Where Pipe Dam Run goes under the bridge on Spotswood Furnace Road, gravel portion of the road, across from old site of Spotswood Furnace.",3/30/2019,90,90,90,90,,10,0,0,4,0,0,32,14,0,0,18,14,2,31,4,8,0,0,0,,,137,43.79562044,13.13868613,0,1.459854015,32.84671533,10.2189781,9,Acceptable,,,,,,,,,,,,,,,,,,,,,,,,,,,,,,,,,,,,,,,,,,,,,,,,,,,,,Spotsylvania,LaRoque Run,1,38.332871,-77.612646,Intersects Spotswood Furnace Road near Pipe Dam Creek,3/30/2019,90,90,90,90,,8,0,0,6,0,0,20,9,0,3,9,14,2,14,3,4,0,0,0,0,,92,46.73913043,9.782608696,0,2.173913043,27.17391304,15.2173913,9,Acceptable,,,,,,,,,,,,,,,,,,,,,,,,,,,,,,,,,,,,,,,,,,,,,,,,,,,,,Franklin,Gills Creek,11-RU25-Gil-GC-1,37.1071,-79.7307,,5/1/2019,20,70,0,0,,,,,,,,75,50,,,2,,1,46,25,2,,,,,,201,62.18905473,0.995024876,0,0.497512438,35.32338308,0,10,Acceptable,,,,,,,,,,,,,,,,,,,,,,,,,,,,,,,,,,,,,,,,,,,,,,,,,,,,,Franklin,Maggoddee Creek,11-RU23-Mag-Mag-1,37.1147,-79.9483,,5/5/2019,20,40,40,45,Water was a bit high and riffles were slim.,7,,,2,,,7,100,,,4,17,6,77,1,2,,,,,,223,55.60538117,1.793721973,0,2.69058296,38.11659193,4.035874439,10,Acceptable,,,,,,,,,,,,,,,,,,,,,,,,,,,,,,,,,,,,,,,,,,,,,,,,,,,,,Franklin,Blackwater River,11-RU20-Bla-Blackwater-Dillon's Mill,37.07637,-80.04067,,5/5/2019,20,10,0,0,,3,,,,,,11,132,1,,26,19,12,45,,5,,,,,,255,63.52941176,10.19607843,0,4.705882353,19.60784314,1.568627451,11,Acceptable,,,,,,,,,,,,,,,,,,,,,,,,,,,,,,,,,,,,,,,,,,,,,,,,,,,,,Fairfax,Accotink Creek,09-PL30-Acc-ACC2,38.837889,-77.221483,In Americana Park on the first large riffle just upstream of the Little River Turnpike overpasses.,5/4/2019,20,,,,,112,1,,,,,1,59,,,19,38,1,2,6,,,,,,,239,41.0041841,7.949790795,0,0.418410042,50.62761506,47.28033473,7,Unacceptable,,,,,,,,,,,,,,,,,,,,,,,,,,,,,,,,,,,,,,,,,,,,,,,,,,,,,Bedford,"South Fork of ""Hickory Creek"" (previously unnamed)",11-RU19-Sou-HIC01,37.12712,-79.63321,,5/1/2019,28,57,90,,,2,0,0,2,0,1,30,7,4,2,22,2,10,137,7,1,2,0,0,1,Small fish,230,16.95652174,9.565217391,0,4.347826087,65.65217391,3.043478261,8,Grayzone,,,,,,,,,,,,,,,,,,,,,,,,,,,,,,,,,,,,,,,,,,,,,,,,,,,,,Franklin,Pigg River,11-RU29-Pig-Pigg-2,36.9678,-79.9425,,3/30/2019,20,20,20,,Leeches were found on a sick crayfish,31,,10,2,,,61,258,,,26,1,5,428,11,6,8,,,,,847,37.78040142,3.069657615,0,0.590318772,56.67060213,6.021251476,8,Grayzone,,,,,,,,,,,,,,,,,,,,,,,,,,,,,,,,,,,,,,,,,,,,,,,,,,,,,Franklin,Gills Creek,11-RU25-Gil-GC-LH,37.1276,-79.7832,,5/8/2019,20,,,,,2,,,,,,27,32,,1,51,,,66,435,,,,,,,614,9.609120521,8.306188925,0,0,81.9218241,0.325732899,6,Unacceptable,,,,,,,,,,,,,,,,,,,,,,,,,,,,,,,,,,,,,,,,,,,,,,,,,,,,,Fairfax,Accotink Creek,Accotink Creek - 09-PL30-Acc-ACC17,38.81865,-77.224,"On the Wakefield Tributary of Accotink, at the restoration site on the grounds Wakefield Park just north of Audrey Moore Rec Center.",5/6/2019,90,,,,This stretch of the stream underwent an extensive stream restoration project,20,,3,,,,,,,,24,,,230,2,,,1,,,,280,0,8.571428571,0.357142857,0,91.42857143,8.571428571,4,Unacceptable,,,,,,,,,,,,,,,,,,,,,,,,,,,,,,,,,,,,,,,,,,,,,,,,,,,,,Giles,Sinking Creek,SNK-C,37.3080556,-80.4994444,Newport Town Park on Rt 42,5/14/2019,20,,,,,,,,,,,5,180,,1,7,,36,,,,15,,2,,,246,75.20325203,2.845528455,0,14.63414634,0.81300813,6.910569106,11,Acceptable,,,,,,,,,,,,,,,,,,,,,,,,,,,,,,,,,,,,,,,,,,,,,,,,,,,,,Montgomery,Tom's Creek,TC1211,37.232792,-80.523576,"Tom's Creek at the first Poverty Creek Rd. bridge off of Mt. Zion Rd.,  has good easy access with a sandy beach for table setup.  There is a parking area on the left across the bridge.  This site was easy to find as it is off of a main dirt road, and is about 10 minutes from Prices Fork. ",5/13/2019,20,40,,,,2,,,2,,,36,46,1,,15,18,73,11,1,,24,,,,,229,43.66812227,6.550218341,0,31.87772926,6.550218341,12.22707424,11,Acceptable,,,,,,,,,,,,,,,,,,,,,,,,,,,,,,,,,,,,,,,,,,,,,,,,,,,,,Fairfax,Holmes Run,09-PL26-Hol-Holmes Run 2,38.8526,-77.1959,,5/19/2019,90,90,,,saw a water snake and a caddisfly shell on a rock not in our sample.  ,8,172,0,2,0,0,2,1,0,2,328,0,181,131,127,6,0,1,6,1,mosquito pupa,968,0.309917355,33.88429752,0.103305785,18.69834711,45.97107438,19.52479339,8,Grayzone,,,,,,,,,,,,,,,,,,,,,,,,,,,,,,,,,,,,,,,,,,,,,,,,,,,,,Fairfax,Walney Creek,09-PL45-Wal-CR 11,38.8566,-77.4322,,5/19/2019,45,45,45,45,,22,4,3,2,0,10,32,5,0,0,26,17,9,563,0,11,0,0,0,0,,704,7.670454545,3.693181818,0,1.278409091,85.51136364,5.823863636,5,Unacceptable,,,,,,,,,,,,,,,,,,,,,,,,,,,,,,,,,,,,,,,,,,,,,,,,,,,,,Fairfax,Colvin Run,09-PL22-Col-DR28,38.957,-77.3334,,4/29/2019,60,,,,,14,2,0,0,0,34,0,274,0,0,23,0,18,148,75,0,0,11,0,0,,599,45.74290484,3.839732888,1.83639399,3.005008347,47.41235392,10.1836394,6,Unacceptable,,,,,,,,,,,,,,,,,,,,,,,,,,,,,,,,,,,,,,,,,,,,,,,,,,,,,Fairfax,Snakeden Branch,09-PL22-Sna-DR19,38.9299,-77.3459,,4/27/2019,90,,,,,46,1,,,,,,2,,,7,,1,202,,3,,,,,,262,0.763358779,2.671755725,0,0.381679389,95.03816794,17.9389313,5,Unacceptable,,,,,,,,,,,,,,,,,,,,,,,,,,,,,,,,,,,,,,,,,,,,,,,,,,,,,Franklin,Gills Creek,11-RU25-Gil-GC-2,37.1583,-79.855,,5/22/2019,20,0,0,0,Temp in celsius,,,,2,,,37,1,2,,58,4,5,70,64,45,,,,,,288,14.58333333,20.13888889,0,1.736111111,47.22222222,0.694444444,6,Unacceptable,,,,,,,,,,,,,,,,,,,,,,,,,,,,,,,,,,,,,,,,,,,,,,,,,,,,,Carroll,Beaver Dam Creek Hillsville,Beaver Dam Creek Hillsville,36.778919,-80.73544,"From Route 100 (Sylvatus Smith Highway) 2 miles north of Hillsville turn onto Beaver Dam Rd.  Travel 1.6 miles, turn right at the entrance of Upper Beaver Dam Trail Park.  Sample is taken in the creek by the parking area",5/4/2019,20,20,20,20,"unusual 
very few critters  ",14,,,,,,36,17,4,,19,2,6,97,2,,,,,3,Mite,200,27.5,9.5,0,3,58.5,7,7,Unacceptable,,,,,,,,,,,,,,,,,,,,,,,,,,,,,,,,,,,,,,,,,,,,,,,,,,,,,Fauquier,Great Run (West),F-10,38.704167,-77.8380556,"About 0.7 mi up 682 (Black Snake Ln) from int. w/ 802, upst from bridge",5/29/2019,30,,,,,,2,,,,,4,39,,1,410,24,11,29,3,3,,,,,,526,12.73764259,77.94676806,0,2.091254753,6.463878327,0.380228137,6,Unacceptable,,,,,,,,,,,,,,,,,,,,,,,,,,,,,,,,,,,,,,,,,,,,,,,,,,,,,Rappahannock,Hughes River,R-2,38.521944,-78.171667,Rt 644 at confluence with Hazel River,5/28/2019,30,90,90,90,Riffle flow rate high and contributed to need for 4 nettings,5,0,0,0,0,0,71,51,3,12,23,31,25,11,2,8,0,0,0,0,,242,63.2231405,9.504132231,0,10.33057851,8.67768595,2.066115702,12,Acceptable,,,,,,,,,,,,,,,,,,,,,,,,,,,,,,,,,,,,,,,,,,,,,,,,,,,,,Culpeper,Hazel River,C-5,38.5263889,-78.1722222,Rt 644,5/28/2019,30,30,,,,2,0,0,0,0,0,90,66,0,1,13,22,8,0,16,0,0,0,0,0,,218,81.65137615,5.963302752,0,3.669724771,8.256880734,0.917431193,11,Acceptable,,,,,,,,,,,,,,,,,,,,,,,,,,,,,,,,,,,,,,,,,,,,,,,,,,,,,Fauquier,Great Run (East),F-3,38.7003,-77.8214,Approx. 2-3 miles from Warrentonon 802 (Springs Rd)  before St. Leonards Lane,5/29/2019,20,,,,,6,24,,,,,,4,,,118,1,9,34,3,3,,,1,,,203,2.463054187,58.12807882,0,4.433497537,33.49753695,15.27093596,6,Unacceptable,,,,,,,,,,,,,,,,,,,,,,,,,,,,,,,,,,,,,,,,,,,,,,,,,,,,,Fauquier,Thumb Run,F14,38.76302,-77.98058,DEQ test site at 770 off of Thumb Run road (736),5/30/2019,20,,,,,,,,,,,1,8,,1,126,4,4,31,107,,,,1,,,283,4.593639576,44.5229682,0,1.413427562,49.11660777,0.35335689,5,Unacceptable,,,,,,,,,,,,,,,,,,,,,,,,,,,,,,,,,,,,,,,,,,,,,,,,,,,,,Fauquier,Fiery Run,F-4,38.824692,-78.0482667,Route 635 Fiery Run/ Hume Rd at Bridge,5/30/2019,20,,,,,4,,,,,,27,20,1,2,474,92,6,98,2,3,,,,,,729,19.06721536,65.02057613,0,0.823045267,14.40329218,0.548696845,7,Unacceptable,,,,,,,,,,,,,,,,,,,,,,,,,,,,,,,,,,,,,,,,,,,,,,,,,,,,,Fauquier,Deep Run,F-15,38.45222,-77.62889,Rt 615 Bridge - dnst,5/31/2019,20,,,,,1,,,,,,30,33,,6,107,35,87,21,,18,,,,,,338,28.99408284,31.65680473,0,25.73964497,6.50887574,0.295857988,10,Acceptable,,,,,,,,,,,,,,,,,,,,,,,,,,,,,,,,,,,,,,,,,,,,,,,,,,,,,Fauquier,Carter's Run,F1,38.72,-77.909167,"Intersection of 681 & 678, upst from bridge",5/31/2019,30,,,,,5,,,2,,,22,78,4,2,54,34,23,7,6,9,,,2,2,Water mite,250,53.6,21.6,0,9.2,9.6,3.6,11,Acceptable,,,,,,,,,,,,,,,,,,,,,,,,,,,,,,,,,,,,,,,,,,,,,,,,,,,,,Bath,Cowpasture River,CpR 13-JU30-Cow-CpR 59.8 Scotchtown Draft,38.15289,-79.5978,,5/31/2019,20,,,,"Obvious signs of recreational use, campers had been u/s; site very overgrown, not much trash; kayakers floated past",0,0,0,0,2,0,2,117,0,10,0,193,25,13,1,0,0,0,0,2,water mites,365,85.47945205,0,0,6.849315068,4.383561644,0.547945205,12,Acceptable,,,,,,,,,,,,,,,,,,,,,,,,,,,,,,,,,,,,,,,,,,,,,,,,,,,,,Madison,Rapidan River,M-3,38.37107,-78.36395,"Rapidan River at Route 662 Bridge upst from Wolftown, 100' above bridge",6/1/2019,30,,,,,4,0,0,0,0,0,60,8,0,1,140,6,5,2,4,0,0,0,0,0,,230,32.17391304,60.86956522,0,2.173913043,4.347826087,1.739130435,7,Unacceptable,,,,,,,,,,,,,,,,,,,,,,,,,,,,,,,,,,,,,,,,,,,,,,,,,,,,,Greene,Conway River,G-5,38.3325,-78.398056,150' upst Rt 230 bridge,6/3/2019,30,,,,,22,0,0,0,0,0,31,1,0,12,89,40,4,0,0,2,0,0,0,0,,201,35.82089552,44.27860697,0,1.990049751,10.94527363,10.94527363,7,Unacceptable,,,,,,,,,,,,,,,,,,,,,,,,,,,,,,,,,,,,,,,,,,,,,,,,,,,,,Rockbridge,Buffalo Creek,buffalo creek - kygers hill,37.7508,-79.55616,"this is a new site 

Buffalo Creek at Kyger's hill

37 degrees 45' 02.88"" N
79 degrees 33' 22.16"" ",6/3/2019,20,30,,,,0,0,0,9,0,0,7,47,0,9,4,3,1,130,32,,3,0,0,0,0,245,23.26530612,1.632653061,0,0.408163265,66.12244898,4.897959184,7,Unacceptable,,,,,,,,,,,,,,,,,,,,,,,,,,,,,,,,,,,,,,,,,,,,,,,,,,,,,Fairfax,Accotink Creek,ACC14,38.8046,-77.232,"Lake Accotink Park, downstream from the lake.  Park at visitor's center, walk down trail from main office to creek, just downstream to first good riffles.  Monitors: Friends of Accotink and Fairfax County Park Authority staff",6/8/2019,90,90,,,,18,1,,,,,,3,,,115,3,2,75,1,,,,1,,,219,2.739726027,52.51141553,0,0.913242009,43.83561644,9.132420091,5,Unacceptable,,,,,,,,,,,,,,,,,,,,,,,,,,,,,,,,,,,,,,,,,,,,,,,,,,,,,Alleghany,Jackson River,JKS3,37.87131,-79.96845,.6 miles south of National Forest Stream gauge at Smith Bridge in Falling Spring,6/6/2019,20,20,,,,16,0,0,17,0,0,31,113,0,20,30,0,24,1,0,1,7,0,2,0,,262,54.96183206,11.45038168,0,9.160305344,7.251908397,16.03053435,11,Acceptable,,,,,,,,,,,,,,,,,,,,,,,,,,,,,,,,,,,,,,,,,,,,,,,,,,,,,Loudoun,Big Springs Creek ,BS1-LWC28,39.1306,-77.5591,"""Big Springs"" Creek, south of Tuscarora High School in Leesburg, VA",5/31/2019,25,80,,,,11,4,,2,,,1,1,3,,8,115,54,25,,14,1,,1,,,240,48.75,3.333333333,0,22.5,18.33333333,7.916666667,11,Acceptable,,,,,,,,,,,,,,,,,,,,,,,,,,,,,,,,,,,,,,,,,,,,,,,,,,,,,Loudoun,Crooked Run,09-PL12-Cro-CROOK#1 - LWC #6,39.0912,-77.684,,6/11/2019,90,90,,,"several trees had been blown down along stream, some bank erosion",5,,,,,,,10,,3,156,56,62,8,,4,,,,,,304,21.71052632,51.31578947,0,20.39473684,4.276315789,1.644736842,9,Acceptable,,,,,,,,,,,,,,,,,,,,,,,,,,,,,,,,,,,,,,,,,,,,,,,,,,,,,Loudoun,South Fork Catoctin Creek,09-PL02-Sou-SFCAT#5 - LWC#17,39.1902,-77.6149,,4/7/2019,60,60,,,,1,,,,,,15,38,1,1,38,4,160,,8,,,,,,,266,21.42857143,14.28571429,0,60.15037594,3.759398496,0.37593985,11,Acceptable,,,,,,,,,,,,,,,,,,,,,,,,,,,,,,,,,,,,,,,,,,,,,,,,,,,,,Loudoun,Tuscarora Creek,09-PL16-Tus-TUSCA#1 - LWC#2,39.09555,-77.5424,,6/12/2019,60,60,,,,119,13,,,1,4,2,10,3,,6,11,11,21,13,,,,4,,,218,10.55045872,2.752293578,0,5.04587156,81.65137615,64.67889908,5,Unacceptable,,,,,,,,,,,,,,,,,,,,,,,,,,,,,,,,,,,,,,,,,,,,,,,,,,,,,Loudoun,Goose Creek,Goose Creek GC2-LWC27,39.098822,-77.496486,"Goose Creek at Kehparts Landing approx 100 m from trail entrance
",5/26/2019,60,,,,,2,1,,,,,2,7,,,23,4,3,160,1,10,,1,,,,214,6.074766355,10.74766355,0.46728972,1.401869159,77.10280374,1.869158879,5,Unacceptable,,,,,,,,,,,,,,,,,,,,,,,,,,,,,,,,,,,,,,,,,,,,,,,,,,,,,Bedford,Jumping Run Creek,JRC,37.20517,-79.70994,off Goodview Road Rt 653 near Sycamore - approx. 100 ft down stream from cement bridge in field off road,6/14/2019,25,15,,,air temp 65 degrees,4,,,,,,26,13,,2,132,14,34,15,21,3,,,,,,264,20.07575758,50,0,12.87878788,15.15151515,1.515151515,9,Acceptable,,,,,,,,,,,,,,,,,,,,,,,,,,,,,,,,,,,,,,,,,,,,,,,,,,,,,Prince William,Airport Creek,Airport Creek-16-PL41-OCQ1,38.69378 N ,-77.32346,Site is accessed off of Springwood Drive before the intersection of Tiad Ct. and Troika Ct. The site is located about 700ft before the Creek enters the Occoquan Lake near Lake Ridge Marina Golf Course. ,6/2/2019,60,,,,Only one net provided sufficient organisms.,2,,,,,,,5,12,,58,22,6,90,,16,,1,,,,212,12.73584906,27.35849057,0.471698113,2.830188679,49.52830189,1.41509434,5,Unacceptable,,,,,,,,,,,,,,,,,,,,,,,,,,,,,,,,,,,,,,,,,,,,,,,,,,,,,Franklin,Poplar Camp Creek,11-RU24-Pop-PCC,37.0151,-79.7704944,"100 yds up from bridge at 975  Ayers Road on Brooks farm, Glade Hill",6/17/2019,20,15,15,15,,,,,5,,,43,13,1,2,57,16,10,53,4,3,10,,,,,207,34.7826087,27.53623188,0,4.830917874,28.01932367,2.415458937,10,Acceptable,,,,,,,,,,,,,,,,,,,,,,,,,,,,,,,,,,,,,,,,,,,,,,,,,,,,,Augusta,Middle River,12-PS07-Mid-FOMR-MDL 32.01 River Ridge,38.2229,-79.01085,,4/7/2019,20,,,,,1,,,,,,10,139,1,3,21,4,39,9,1,2,6,,,,,236,64.83050847,8.898305085,0,16.52542373,5.084745763,2.966101695,12,Acceptable,,,,,,,,,,,,,,,,,,,,,,,,,,,,,,,,,,,,,,,,,,,,,,,,,,,,,Augusta,Middle River,12-PS11-Mid-FOMR-MDL 15.57 Dam Town,38.21893,-78.93209,,6/5/2019,20,,,,higher flow than normal,,4,,,,,29,435,,1,53,16,149,8,2,,2,1,8,,,708,67.79661017,7.485875706,0.141242938,21.04519774,3.248587571,2.118644068,12,Acceptable,,,,,,,,,,,,,,,,,,,,,,,,,,,,,,,,,,,,,,,,,,,,,,,,,,,,,Augusta,Middle River,12-PS03-Mid-FOMR-MDL 42.31 Shulman,38.23108,-79.09422,,6/12/2019,20,,,,,1,,,,,,2,261,,1,16,1,12,68,32,,,,,,,394,67.00507614,4.060913706,0,3.045685279,25.63451777,0.253807107,10,Acceptable,,,,,,,,,,,,,,,,,,,,,,,,,,,,,,,,,,,,,,,,,,,,,,,,,,,,,Augusta,Middle River,12-PS07-Mid-FOMR-MDL ? Cline Lane,38.19062,-78.96989,,6/9/2019,20,,,,,3,1,,,,,6,109,,,14,3,40,28,,,12,,,5,,221,53.39366516,6.334841629,0,18.09954751,14.47963801,7.239819005,11,Acceptable,,,,,,,,,,,,,,,,,,,,,,,,,,,,,,,,,,,,,,,,,,,,,,,,,,,,,Augusta,Middle River,12-PS01-Mid-FOMR-MDL ? Sweet,38.06619,-79.26566,,4/7/2019,20,,,,,,,1,1,50,,26,28,,,42,22,36,61,3,,,2,,,,272,27.94117647,15.44117647,0.735294118,13.23529412,43.01470588,19.85294118,9,Acceptable,,,,,,,,,,,,,,,,,,,,,,,,,,,,,,,,,,,,,,,,,,,,,,,,,,,,,Augusta,Middle River,12-PS05-Mid-FOMR-MDL 46.09 Eastwood,38.218,-79.133,http://www.friendsofthemiddleriver.org/stream-monitoring/eastwood/,4/6/2019,,,,,,,,1,,,,7,107,,,4,3,5,139,24,,13,,,,,303,38.61386139,1.320132013,0,1.650165017,54.12541254,4.620462046,9,Acceptable,,,,,,,,,,,,,,,,,,,,,,,,,,,,,,,,,,,,,,,,,,,,,,,,,,,,,Rappahannock,Thornton River,R-13,38.6538889,-78.1313889,Rock Mills Rt 626 about 100' above bridge,6/18/2019,40,20,,,slightly muddy and swift due to recent rains. Will plan to resample in August,1,0,0,0,0,0,16,13,4,8,102,111,6,0,0,0,0,0,0,0,,261,53.63984674,39.08045977,0,2.298850575,1.915708812,0.383141762,8,Grayzone,,,,,,,,,,,,,,,,,,,,,,,,,,,,,,,,,,,,,,,,,,,,,,,,,,,,,Fairfax,Difficult Run,09-PL22-Dif-Difficult Run - DR34,38.97177,-77.26979,,6/22/2019,40,80,40,40,,10,3,0,1,0,0,0,14,0,0,936,148,55,0,1,4,0,1,1,2,"going through metamorphosis, could not ID",1176,13.7755102,79.59183673,0.085034014,4.676870748,1.360544218,1.360544218,7,Unacceptable,,,,,,,,,,,,,,,,,,,,,,,,,,,,,,,,,,,,,,,,,,,,,,,,,,,,,Franklin,Indian Creek,11-RU18-Ind-InC-1,37.1369,-79.7257,,6/26/2019,20,90,40,0,,8,,,,,,48,24,1,,194,13,15,72,8,5,,,1,,,389,21.85089974,49.8714653,0,3.856041131,23.13624679,2.313624679,8,Grayzone,,,,,,,,,,,,,,,,,,,,,,,,,,,,,,,,,,,,,,,,,,,,,,,,,,,,,Augusta,Middle River,12-PS01-Mid-FOMR-MDL ? Godfrey,38.15164,-79.20175,,4/4/2019,20,,,,,3,15,2,,,,1,31,,4,6,35,74,57,,,,6,1,,,235,28.5106383,2.553191489,2.553191489,31.4893617,35.74468085,11.4893617,8,Grayzone,,,,,,,,,,,,,,,,,,,,,,,,,,,,,,,,,,,,,,,,,,,,,,,,,,,,,Franklin,Foul Ground Creek,11-RU24-Fou-FGC,37.0422,-79.7516,"4351 Webster Road, Glade Hill - 1200 ft across field behind house
",6/29/2019,20,60,30,,,1,1,,,,,14,51,,9,100,15,1,52,11,1,,,,,,256,31.25,39.0625,0,0.390625,25.390625,0.78125,7,Unacceptable,,,,,,,,,,,,,,,,,,,,,,,,,,,,,,,,,,,,,,,,,,,,,,,,,,,,,Augusta,Middle River,12-PS02-Mid-FOMR-MDL ? Chittum,38.20763,-79.16526,,4/7/2019,20,20,,,,,,,,,,7,100,,,5,,1,140,24,1,,,,,,278,38.48920863,1.798561151,0,0.35971223,58.99280576,0,9,Acceptable,,,,,,,,,,,,,,,,,,,,,,,,,,,,,,,,,,,,,,,,,,,,,,,,,,,,,Prince William,Powell Creek,Powells Creek-17-PL51- MCL1,38.60691,-77.32914,"This site is accessible from Northgate Dr. across the Montclair golf field. The site is a ripple area  located downstream from the field, some  100ft downstream of a restored area. This site is  close to a  trail; behind 16068 Dear Park Dr. ",6/29/2019,90,,,,,20,,,,1,,,51,,,264,,29,62,13,,,,,,,440,11.59090909,60,0,6.590909091,21.81818182,4.772727273,8,Grayzone,,,,,,,,,,,,,,,,,,,,,,,,,,,,,,,,,,,,,,,,,,,,,,,,,,,,,Franklin,Indian Run,11-RU18-Ind-InR-1,37.14,-79.7509,,6/6/2019,20,0,0,0,,1,0,0,0,0,0,42,4,3,2,270,6,4,0,3,2,0,0,0,0,,337,15.43026706,80.11869436,0,1.18694362,2.077151335,0.296735905,6,Unacceptable,,,,,,,,,,,,,,,,,,,,,,,,,,,,,,,,,,,,,,,,,,,,,,,,,,,,,Fauquier,Goose Creek (Upper),7,38.90528,-78.029722,"Map 5512, Sect F6. 2nd riffle below Rt 726 bridge, Fiery Run Rd.",5/20/2019,60,60,,,,3,0,0,0,0,0,47,49,0,2,48,25,8,8,22,3,0,0,0,0,,215,56.27906977,22.3255814,0,3.720930233,15.34883721,1.395348837,10,Acceptable,,,,,,,,,,,,,,,,,,,,,,,,,,,,,,,,,,,,,,,,,,,,,,,,,,,,,Loudoun,North Fork Goose Creek,North Fork Goose Creek (GCA 28),39.10928,-77.73692,"On Silcott Springs Road, past Paxton and Licky Mill to the bridge just past â€œFaith Farmâ€ù (on right). Parking is just before â€œFaith Farmâ€ù driveway on right (very small area to park and be careful of fast cars)
",5/20/2019,90,,,,,0,5,0,0,0,0,15,7,1,0,41,53,122,0,3,2,0,0,1,,,250,30,16.4,0,48.8,4,2.4,11,Acceptable,,,,,,,,,,,,,,,,,,,,,,,,,,,,,,,,,,,,,,,,,,,,,,,,,,,,,Franklin,Teels Creek,Ferguson Farm,37.061786,-79.920858,"On Ferguson Farm property, gravel road goes down by Teels Creek on the way to fenced garden.  There are several riffles in Teels Creek near this road.",7/3/2019,90,90,,,,8,,,,,,4,79,,1,185,31,11,23,2,,,,,,,344,33.13953488,53.77906977,0,3.197674419,9.593023256,2.325581395,8,Grayzone,,,,,,,,,,,,,,,,,,,,,,,,,,,,,,,,,,,,,,,,,,,,,,,,,,,,,Franklin,Grimes Creek,11-RU18-Gri-GrC,37.168,-79.7295,,7/8/2019,45,45,59,,,4,,,12,,,13,6,5,8,138,,5,,10,1,,,,,,203,9.359605911,67.98029557,0,2.463054187,9.359605911,7.881773399,5,Unacceptable,,,,,,,,,,,,,,,,,,,,,,,,,,,,,,,,,,,,,,,,,,,,,,,,,,,,,Prince William,Bull Run -Ben Lomond Park,Bull Run_17_PL44_BenLomond1,38.799368,-77.47682,Site is accessed across the ball field after the tree restoration area. Spot is  located near the sandy bank area where some land has been isolated in the middle of the stream (like an island).,5/18/2019,60,60,,,,5,,,,,,35,94,5,1,56,15,44,,1,,,,,,,256,56.25,21.875,0,17.1875,4.296875,1.953125,11,Acceptable,,,,,,,,,,,,,,,,,,,,,,,,,,,,,,,,,,,,,,,,,,,,,,,,,,,,,Montgomery,Stroubles Creek,VTSC1,37.2237432,-80.4301079,Site access from Duck Pong overflow parking lot. Site is about 50 feet downstream of large overflow pipe.,7/10/2019,40,40,,,,2,45,12,1,,,,1,,,203,,2,40,,,1,1,,,,308,0.324675325,65.90909091,0.324675325,0.649350649,32.46753247,20.12987013,4,Unacceptable,,,,,,,,,,,,,,,,,,,,,,,,,,,,,,,,,,,,,,,,,,,,,,,,,,,,,Fairfax,Popes Head Creek,09-PL46-Pop-PHC2,38.7889,-77.3621,,7/13/2019,90,,,,,1,13,1,,,,,14,,7,112,69,34,12,3,2,,,,,,268,30.97014925,41.79104478,0,12.68656716,11.19402985,5.597014925,8,Grayzone,,,,,,,,,,,,,,,,,,,,,,,,,,,,,,,,,,,,,,,,,,,,,,,,,,,,,Franklin,Blackwater River,Blackwater-RiverdancePlace,37.054872,-79.824503,"Riverdance place off of 871. 1/2 mile from the junction of Virginia Routes 871 and 122, a few miles Nouth of Rocky Mount, VA",7/17/2019,20,90,90,,"Site sampled was located 150 yards downstream from RiverDance Site sampled in 2018 due to higher streamflows. Site sampled is about 20 meters upstream of Ford on Blackwater--good copple, large sand substrate.   Last storm event occurred on July 12; 5 days prior.  Has been wet spring.  Site",,,,,,,,80,1,1,52,1,6,44,17,,4,,,,,206,39.32038835,25.24271845,0,2.912621359,30.09708738,1.941747573,9,Acceptable,,,,,,,,,,,,,,,,,,,,,,,,,,,,,,,,,,,,,,,,,,,,,,,,,,,,,Fairfax,Snakeden Branch - Tributary,09-PL22-Sna-DR16,38.938229,-77.322372,,7/13/2019,90,90,90,90,,7,,,1,3,,,3,,,78,4,1,13,2,11,,1,,,,124,5.64516129,62.90322581,0.806451613,0.806451613,20.96774194,9.677419355,4,Unacceptable,,,,,,,,,,,,,,,,,,,,,,,,,,,,,,,,,,,,,,,,,,,,,,,,,,,,,Franklin,Gills Creek,11-RU25-Gil-GC-1,37.1071,-79.7307,,7/17/2019,20,90,90,0,temp in celsius,2,,,,,,27,23,4,,262,2,13,24,3,5,,,2,,,367,14.16893733,71.38964578,0,3.542234332,9.536784741,1.089918256,7,Unacceptable,,,,,,,,,,,,,,,,,,,,,,,,,,,,,,,,,,,,,,,,,,,,,,,,,,,,,Loudoun,Little River (Goose Creek),Little River #17,38.975581,-77.651193,"Site is located on Aldie Dam road just off of Route 50, past the old dam and just on the other side of the bridge. Turn left on the first driveway into farm - park near house. ",5/9/2019,60,,,,"Stream is clean, rapid current",3,0,0,1,0,0,36,75,0,8,35,15,8,0,73,2,0,0,0,,,256,49.21875,13.671875,0,3.125,29.6875,1.5625,10,Acceptable,,,,,,,,,,,,,,,,,,,,,,,,,,,,,,,,,,,,,,,,,,,,,,,,,,,,,Prince William,Catharpin Run,09-PL43-Cat-Catharpin Run - Elaine Wilson,38.8509,-77.6352,,1/6/2019,60,,,,"Air temp - 13.3 C
pH - 6.83
phosphate - 1.5
DO - 1
Coliform - positive
Nitrate - 4
Turbidity - 0",4,,1,,,,7,4,,,122,,38,26,2,8,,,2,,,214,5.140186916,57.00934579,0,17.75700935,16.35514019,3.271028037,8,Grayzone,,,,,,,,,,,,,,,,,,,,,,,,,,,,,,,,,,,,,,,,,,,,,,,,,,,,,Prince William,Catharpin Run,09-PL43-Cat-Catharpin Run - Elaine Wilson,38.8509,-77.6352,,4/28/2019,60,,,,"turbidity - 0
air temp - 21.4 C
phosphate - 0
nitrate - 5
pH - 7.45
DO - <50% saturation
coliform - positive",21,,,,,,6,38,1,4,92,,5,119,1,,,,4,,,291,15.12027491,31.61512027,0,1.718213058,50.17182131,8.591065292,5,Unacceptable,,,,,,,,,,,,,,,,,,,,,,,,,,,,,,,,,,,,,,,,,,,,,,,,,,,,,Prince William,Catharpin Run,09-PL43-Cat-Catharpin Run - Elaine Wilson,38.8509,-77.6352,,7/14/2019,60,,,,"Air temp - 28.1 C
turbidity - 0
phosphate - 1.5
nitrate - 3
coliform - positive",9,,1,,,,4,85,,2,326,3,41,11,1,2,,,1,,,486,18.93004115,67.0781893,0,8.436213992,4.732510288,2.263374486,9,Acceptable,,,,,,,,,,,,,,,,,,,,,,,,,,,,,,,,,,,,,,,,,,,,,,,,,,,,,Carroll,Little Reed Creek,Little Reed Creek Hillsville,36.80885,-80.752921,"320 Up the Stream Lane
Hillsville Va
North 52 from Hillsville
Right on Hanging Tree Road (770)
Right on Lovell Creek Road (789)
Right on Up the Creek Lane
Left app. .32 Miles
Private Property",7/21/2019,20,,,,,4,,,1,,,83,59,2,3,87,89,76,65,27,,4,,,1,,501,46.10778443,17.36526946,0,15.16966068,19.56087824,1.796407186,12,Acceptable,,,,,,,,,,,,,,,,,,,,,,,,,,,,,,,,,,,,,,,,,,,,,,,,,,,,,Loudoun,Jeffries Branch,Jeffries Branch (GCA 26),39.05336111,-77.87344444,"Ross Farm, beneath Mount Weather.  The driveway is off of Trappe Road (on the left) exactly 4 miles north of Rt. 50.
",5/22/2019,80,,,,,1,0,0,2,0,0,71,9,1,1,96,31,39,19,0,1,0,0,0,,,271,40.95940959,35.42435424,0,14.39114391,7.749077491,1.10701107,10,Acceptable,,,,,,,,,,,,,,,,,,,,,,,,,,,,,,,,,,,,,,,,,,,,,,,,,,,,,Fauquier,Cromwells Run,15,38.93306,-77.80778,"Map 5516, Sect. A1. Smitten Farm Rd. ext. 2 miles from Zulla Rd. Go to fork past the 1st bridge, bear right.  Continue past house, barn, pastures to cattle guard and blue gate. Go down to stream on right, just downstream of  bridge.",5/27/2019,20,90,,,,1,0,0,1,0,0,14,17,0,7,112,117,22,0,1,1,0,0,1,,,294,50.34013605,38.0952381,0,7.482993197,1.020408163,1.020408163,10,Acceptable,,,,,,,,,,,,,,,,,,,,,,,,,,,,,,,,,,,,,,,,,,,,,,,,,,,,,Fauquier,Crooked Run,10,38.94694,-77.93806,"2256 Winchester Road, Route 17; 50 meters downstream of driveway bridge. 2and 3/10th mile north of Delaplane.",5/31/2019,32,8,,,"Very clear + medium flow. Banks look good regarding (?) erosion. No cattle access remains, adjacent flied being hayed.  ",1,0,0,0,0,0,13,17,1,0,225,21,4,0,0,1,0,0,0,0,,283,18.02120141,79.50530035,0,1.413427562,0.706713781,0.35335689,7,Unacceptable,,,,,,,,,,,,,,,,,,,,,,,,,,,,,,,,,,,,,,,,,,,,,,,,,,,,,Fauquier,Gap Run,8,38.9433,-77.89528,Approximately 75' upstream of bridge on route 623 between the Rectortown Road and Delaplane,5/31/2019,60,,,,,9,0,2,0,0,0,6,6,0,0,276,15,12,3,0,3,0,0,7,,,339,7.96460177,81.4159292,0,3.539823009,6.194690265,5.309734513,7,Unacceptable,,,,,,,,,,,,,,,,,,,,,,,,,,,,,,,,,,,,,,,,,,,,,,,,,,,,,Loudoun,Jeffries Branch,22,39.030833,-77.870278,"Map 5273, Sect A6. From Upperville go west on Rt 50 to Trappe Rd., Rt 619 on edge of town. Go 2.2 miles to Millville Rd. Rt. 743 a right turn just as road becomes gravel. Go 6/10ths of a mile to 2 stone posts/tree line driveway on left.",7/23/2019,40,,,,,1,3,0,1,0,0,17,27,0,0,122,23,1,25,1,0,0,0,1,0,,222,30.18018018,54.95495495,0,0.45045045,13.96396396,2.702702703,7,Unacceptable,,,,,,,,,,,,,,,,,,,,,,,,,,,,,,,,,,,,,,,,,,,,,,,,,,,,,Prince William,Neabsco Creek,Neabsco Creek-15-PL49-Nbsco-AndrewLeitch1,38.656229,-77.376406,"Tributary of Neabsco Creek in Andrew Lietch Park.  Site is  close to the power line, in the restoration  area; down stream of bridge behind 13763 Raywood ct.",5/26/2019,90,90,90,90,Four spots <200 macroinvertebrates,6,0,0,0,0,0,0,0,0,0,32,0,6,12,0,14,0,0,0,5,minnow,75,0,42.66666667,0,8,24,8,7,Unacceptable,,,,,,,,,,,,,,,,,,,,,,,,,,,,,,,,,,,,,,,,,,,,,,,,,,,,,Prince William,Neabsco Creek,Neabsco Creek-15-PL49-Nbsco-AndrewLeitch1,38.656229,-77.376406,"Tributary of Neabsco Creek in Andrew Lietch Park.  Site is  close to the power line, in the restoration  area; down stream of bridge behind 13763 Raywood ct.",8/3/2019,90,90,90,90,4 nets <200.  Total lowest ever: <50. Very small sized macroinvertebrates.,0,0,1,0,0,0,0,0,8,0,10,0,6,3,0,4,0,0,0,0,,32,0,31.25,0,18.75,37.5,3.125,9,Acceptable,,,,,,,,,,,,,,,,,,,,,,,,,,,,,,,,,,,,,,,,,,,,,,,,,,,,,Franklin,Maggoddee Creek,11-RU23-Mag-Mag-1,37.1147,-79.9483,,8/3/2019,30,15,0,0,,36,,,,,,5,101,,15,172,1,17,20,7,1,,,,,,375,28.53333333,45.86666667,0,4.533333333,16.8,9.6,7,Unacceptable,,,,,,,,,,,,,,,,,,,,,,,,,,,,,,,,,,,,,,,,,,,,,,,,,,,,,Franklin,Blackwater River,11-RU20-Bla-Blackwater-Dillon's Mill,37.07637,-80.04067,,8/3/2019,20,15,0,0,,4,,,2,,,9,90,,5,170,10,9,17,2,2,37,,,,,357,30.53221289,47.61904762,0,2.521008403,6.442577031,12.04481793,6,Unacceptable,,,,,,,,,,,,,,,,,,,,,,,,,,,,,,,,,,,,,,,,,,,,,,,,,,,,,Rappahannock,Rush River,R-3,38.71333,-78.15111,Rt 211/ 522 - DEQ Monitoring Site - RUS 005.66,8/6/2019,40,,,,"low water, very small specimens",22,0,0,0,0,0,26,35,0,17,40,53,8,6,1,16,0,0,0,0,,224,50.89285714,17.85714286,0,3.571428571,12.94642857,9.821428571,10,Acceptable,,,,,,,,,,,,,,,,,,,,,,,,,,,,,,,,,,,,,,,,,,,,,,,,,,,,,Fauquier,Jordan River,R-17,38.761667,-78.0341667,dnst from 637 bridge,8/7/2019,35,,,,,3,,,,,,25,126,,8,131,23,15,4,34,10,,,1,,,380,45.78947368,34.47368421,0,3.947368421,11.05263158,1.052631579,10,Acceptable,,,,,,,,,,,,,,,,,,,,,,,,,,,,,,,,,,,,,,,,,,,,,,,,,,,,,Pulaski,Peak Creek,"Peak Creek, Heritage Park Pulaski",37.04,-80.76,"Peak Creek at Heritage Park, Town of Pulaski, behind picnic shelter",8/8/2019,20,,,,,14,,5,1,,,1,71,,5,46,5,92,9,,1,1,,2,,,253,30.43478261,18.18181818,0,36.36363636,11.85770751,9.090909091,10,Acceptable,,,,,,,,,,,,,,,,,,,,,,,,,,,,,,,,,,,,,,,,,,,,,,,,,,,,,Rockbridge,Sarah's Run,Station 1,37.7805556,-79.4533333,before confluence with Woods Creek,4/27/2019,60,90,90,90,,2,0,0,5,0,4,1,2,0,1,22,9,17,131,4,0,1,0,0,0,,199,6.030150754,11.05527638,0,8.542713568,70.85427136,6.030150754,7,Unacceptable,,,,,,,,,,,,,,,,,,,,,,,,,,,,,,,,,,,,,,,,,,,,,,,,,,,,,Rockbridge,Brattons Run,13-JU67-Bra-6,37.949,-79.5581,,5/31/2019,30,60,,,,4,,,1,,,16,61,3,9,64,76,21,4,3,2,13,,,,,277,55.23465704,23.10469314,0,7.581227437,5.054151625,6.498194946,10,Acceptable,,,,,,,,,,,,,,,,,,,,,,,,,,,,,,,,,,,,,,,,,,,,,,,,,,,,,Fairfax,Sugarland Run,09-PL21-Sug-SLR2,38.9592,-77.3714,,8/5/2019,90,90,,,,,241,,,,,,13,,,462,13,16,3,,1,1,,3,,,753,3.452855246,61.35458167,0,2.124833997,32.80212483,32.53652058,4,Unacceptable,,,,,,,,,,,,,,,,,,,,,,,,,,,,,,,,,,,,,,,,,,,,,,,,,,,,,Fairfax,Snakeden Branch,09-PL22-Sna-DR30,38.9289,-77.3397,,8/14/2019,90,90,90,90,"Stream disturbed by recreational activity earlier that day, kids playing in creek.",2,12,,,,2,,49,1,,98,10,65,42,,5,,4,,,,290,20.34482759,33.79310345,1.379310345,22.4137931,21.72413793,6.896551724,8,Grayzone,,,,,,,,,,,,,,,,,,,,,,,,,,,,,,,,,,,,,,,,,,,,,,,,,,,,,Rockbridge,Buffalo Creek,13-JM09-Buf-10,37.7508,-79.55616,Buffalo at Kygers Hill,6/4/2019,30,,,,,1,,,,,,4,101,,17,19,13,23,8,7,10,10,,,,,213,55.39906103,8.920187793,0,10.79812207,7.511737089,5.164319249,12,Acceptable,,,,,,,,,,,,,,,,,,,,,,,,,,,,,,,,,,,,,,,,,,,,,,,,,,,,,Fairfax,Middle Run,17-PL29-Poh-MR1,38.753637,-77.249896,"In parkland east of the Thorncliff Lane overpass and just upstream of the tennis courts at the end of Eagle Rock Lane, Springfield",8/17/2019,60,,,,water level much lower than usual,14,,1,,,,,,1,,198,,,,,,,3,2,,,219,0,90.4109589,1.369863014,0,9.589041096,9.132420091,4,Unacceptable,,,,,,,,,,,,,,,,,,,,,,,,,,,,,,,,,,,,,,,,,,,,,,,,,,,,,Fairfax,Turkeycock Run,19-PL26-Cam-Cam 3,38.806824,-77.147788,"In Turkeycock Run Stream Valley Park and Bren Mar Park, just south of I-395 and north of Edsall Rd.",8/17/2019,90,90,90,90,No comment,0,0,0,0,0,0,1,0,0,0,6,4,0,0,0,0,0,0,0,0,0,11,45.45454545,54.54545455,0,0,0,0,8,Grayzone,,,,,,,,,,,,,,,,,,,,,,,,,,,,,,,,,,,,,,,,,,,,,,,,,,,,,Fairfax,Holmes Run,09-PL26-Hol-Holmes Run 2,38.8526,-77.1959,,8/18/2019,90,90,,,"7 feet for stream width
7 inches for stream depth",5,31,1,1,0,0,2,5,0,10,57,0,227,75,4,0,0,0,3,3,fish,424,1.650943396,13.44339623,0,53.53773585,28.06603774,9.669811321,9,Acceptable,,,,,,,,,,,,,,,,,,,,,,,,,,,,,,,,,,,,,,,,,,,,,,,,,,,,,Fairfax,Middle Run,18-PL29-Poh-MR2,38.750743,-77.241395,In Middle Run Stream Valley Park just downstream of Fairfax County Pkwy.,8/18/2019,60,,,,"The stream water was very murky and smelled rotten (honestly, smelled of feces).",7,3,0,0,0,0,0,0,1,1,247,11,7,5,0,0,0,0,1,2,,285,3.859649123,86.66666667,0,2.456140351,5.964912281,3.859649123,6,Unacceptable,,,,,,,,,,,,,,,,,,,,,,,,,,,,,,,,,,,,,,,,,,,,,,,,,,,,,Fairfax,Snakeden Branch,09-PL22-Sna-DR19,38.9299,-77.3459,,8/17/2019,30,90,,,,7,,,1,,,,5,2,,176,2,1,38,,6,,5,,,,243,2.880658436,72.42798354,2.057613169,0.411522634,21.39917695,5.349794239,4,Unacceptable,,,,,,,,,,,,,,,,,,,,,,,,,,,,,,,,,,,,,,,,,,,,,,,,,,,,,Rockbridge,Buffalo Creek,13-JM09-Buf-10,37.7508,-79.55616,Buffalo at Kygers Hill,6/4/2019,30,,,,,1,0,0,0,0,0,4,101,0,17,19,13,23,8,7,10,10,0,0,,,213,55.39906103,8.920187793,0,10.79812207,7.511737089,5.164319249,12,Acceptable,,,,,,,,,,,,,,,,,,,,,,,,,,,,,,,,,,,,,,,,,,,,,,,,,,,,,Fairfax,Wolftrap Stream,DR12,38.918686,-77.263073,"In Foxstone Park at intersection of Foxstone Drive and Ridge Lane in Vienna, VA",8/24/2019,20,40,20,,,7,66,0,0,0,0,2,0,0,0,141,2,24,1,0,2,0,0,0,0,,245,1.632653061,57.55102041,0,9.795918367,30.20408163,29.79591837,6,Unacceptable,,,,,,,,,,,,,,,,,,,,,,,,,,,,,,,,,,,,,,,,,,,,,,,,,,,,,Fairfax,Wolftrap Stream,DR12,38.918686,-77.263073,"In Foxstone Park at intersection of Foxstone Drive and Ridge Lane in Vienna, VA",8/24/2019,20,40,20,,,7,66,0,0,0,0,2,0,0,0,141,2,24,1,0,2,0,0,0,0,,245,1.632653061,57.55102041,0,9.795918367,30.20408163,29.79591837,6,Unacceptable,,,,,,,,,,,,,,,,,,,,,,,,,,,,,,,,,,,,,,,,,,,,,,,,,,,,,Highland,Bullpasture River,13-JU63-Bul-Bullpasture - Clover Creek Lower,38.29801,-79.51671,,8/24/2019,20,,,,,6,0,0,3,0,0,2,390,1,4,133,5,187,7,7,14,12,0,0,0,,771,51.49156939,17.25032425,0,24.2542153,2.723735409,2.723735409,12,Acceptable,,,,,,,,,,,,,,,,,,,,,,,,,,,,,,,,,,,,,,,,,,,,,,,,,,,,,Roanoke,Mudlick Creek,11-RU14-Mud-MDL-4,37.242018,-80.008994,Garst Mill Park Greenway 100 ft. downstream of ford,3/19/2019,30,20,,,,,,,,,,,2,,,144,122,5,32,,,,,,,minnows  3,305,40.6557377,47.21311475,0,1.639344262,10.49180328,0,8,Grayzone,,,,,,,,,,,,,,,,,,,,,,,,,,,,,,,,,,,,,,,,,,,,,,,,,,,,,Roanoke,Mudlick Creek,11-RU14-Mud-MDL-4,37.242018,-80.008994,Garst Mill Park Greenway 100 ft. downstream of ford,6/1/2019,30,0,0,0,,4,,,,,,1,,,,63,104,5,34,,,,,,,fish   5,211,49.76303318,29.85781991,0,2.369668246,18.00947867,1.895734597,9,Acceptable,,,,,,,,,,,,,,,,,,,,,,,,,,,,,,,,,,,,,,,,,,,,,,,,,,,,,Fairfax,Accotink Creek,19-PL30-Acc-ACC19,38.861245,-77.265736,In county parkland just downstream of Pickett Rd and the baseball fields in Fairfax City's Thaiss Park. Near the intersection of Mills Springs Drive and Santayana Drive,8/11/2019,25,25,25,0,,7,78,0,0,0,0,0,4,0,0,13,0,36,60,9,11,0,0,0,2,tadpoles,220,1.818181818,5.909090909,0,16.36363636,70,38.63636364,6,Unacceptable,,,,,,,,,,,,,,,,,,,,,,,,,,,,,,,,,,,,,,,,,,,,,,,,,,,,,Fairfax,Colvin Run,09-PL22-Col-DR28,38.957,-77.3334,,8/24/2019,90,90,60,,"One Minnow, Found a macro half way through a molt into an adult fly.",0,158,0,0,0,8,0,39,3,0,43,28,11,4,12,1,0,0,13,,,320,20.9375,13.4375,0,3.4375,61.875,55.9375,6,Unacceptable,,,,,,,,,,,,,,,,,,,,,,,,,,,,,,,,,,,,,,,,,,,,,,,,,,,,,Montgomery,Tom's Creek,TC1211,37.232792,-80.523576,"Tom's Creek at the first Poverty Creek Rd. bridge off of Mt. Zion Rd.,  has good easy access with a sandy beach for table setup.  There is a parking area on the left across the bridge.  This site was easy to find as it is off of a main dirt road, and is about 10 minutes from Prices Fork. ",8/20/2019,20,30,,,,,,,3,,,11,57,1,2,4,8,121,9,,,10,,,,,226,33.62831858,1.769911504,0,53.53982301,4.424778761,5.752212389,11,Acceptable,,,,,,,,,,,,,,,,,,,,,,,,,,,,,,,,,,,,,,,,,,,,,,,,,,,,,Giles,Sinking Creek,SNK-C,37.3080556,-80.4994444,Newport Town Park on Rt 42,8/22/2019,20,,,,,1,,,3,,,4,121,,1,,7,48,1,2,5,12,,,,,205,64.3902439,0,0,23.41463415,1.951219512,7.804878049,11,Acceptable,,,,,,,,,,,,,,,,,,,,,,,,,,,,,,,,,,,,,,,,,,,,,,,,,,,,,Giles,Sinking Creek,SNK-D,37.311262,-80.516492,"Sinking Creek off of route 700, to the left (downstream) of the covered bridge. This is the covered bridge that is visible from route 700, the road that goes up to Mountain Lake.",8/9/2019,20,12,,,"the water had an odor, smelled faintly of sewage.",5,0,0,0,0,0,20,26,20,9,155,11,79,2,0,29,6,0,0,,,362,15.74585635,42.81767956,0,21.82320442,7.458563536,3.038674033,8,Grayzone,,,,,,,,,,,,,,,,,,,,,,,,,,,,,,,,,,,,,,,,,,,,,,,,,,,,,Fairfax,Sugarland Run Tributary,09-PL21-Sug-SLR4,38.9788,-77.3644,,8/26/2019,90,90,,,,39,9,0,0,0,0,0,1,9,1,31,0,6,128,0,1,0,0,0,,,225,0.444444444,13.77777778,0,2.666666667,82.22222222,21.33333333,4,Unacceptable,,,,,,,,,,,,,,,,,,,,,,,,,,,,,,,,,,,,,,,,,,,,,,,,,,,,,Madison,Popham Run,M-14,38.53222,-78.23667,Near Peola Mills @ Rt 603 Bridge,8/26/2019,30,30,30,,rip rap made normal site inaccessible. We moved downstream about 200 feet. Cattle with access to stream are upstream of bridge. Many dead or very small creatures & very large hellgrammites,6,0,0,0,0,0,11,13,3,47,64,27,29,14,5,4,0,0,0,0,,223,22.86995516,28.69955157,0,13.0044843,12.55605381,2.69058296,10,Acceptable,,,,,,,,,,,,,,,,,,,,,,,,,,,,,,,,,,,,,,,,,,,,,,,,,,,,,Fairfax,The Glade,09-PL22-The-DR17,38.9228,-77.3454,,8/26/2019,90,90,90,90,,10,1,,,,,,3,12,1,156,16,10,5,,2,,,,,,216,8.796296296,72.22222222,0,4.62962963,12.96296296,5.092592593,7,Unacceptable,,,,,,,,,,,,,,,,,,,,,,,,,,,,,,,,,,,,,,,,,,,,,,,,,,,,,Tazewell,North Fork Clinch River (Headwater Trib),NFCR_1,37.157795,-81.457545,"""Trib 2"" sampling site on Ag BMP project, Tazewell, VA. Site located  about 30 yards upstream of ""Trib 2's"" first stream crossing. This site is located on private property.",7/24/2019,20,,,,Only one pass needed,5,,,1,,15,46,21,,,14,16,74,11,,2,16,,,,,221,37.55656109,6.334841629,0,33.4841629,14.02714932,16.74208145,11,Acceptable,,,,,,,,,,,,,,,,,,,,,,,,,,,,,,,,,,,,,,,,,,,,,,,,,,,,,Prince William,Bull Run -Ben Lomond Park,Bull Run_17_PL44_BenLomond1,38.799368,-77.47682,Site is accessed across the ball field after the tree restoration area. Spot is  located near the sandy bank area where some land has been isolated in the middle of the stream (like an island).,8/17/2019,90,,,,,4,15,1,,,,,59,5,15,107,9,217,29,,1,3,,1,,,466,14.59227468,22.96137339,0,46.56652361,11.80257511,5.150214592,9,Acceptable,,,,,,,,,,,,,,,,,,,,,,,,,,,,,,,,,,,,,,,,,,,,,,,,,,,,,Tazewell,South Fork Clinch River,SFCR_1,37.125328,-81.48371,"Upper sampling station of Dunford Park Restoration Site, Tazewell, VA.  Located in riffle about 20 yards upstream of first rootwads.",8/29/2019,20,,,,,3,,,3,,,,56,,,19,12,156,1,,4,27,,1,2,Fish,284,23.94366197,6.690140845,0,54.92957746,1.76056338,11.97183099,10,Acceptable,,,,,,,,,,,,,,,,,,,,,,,,,,,,,,,,,,,,,,,,,,,,,,,,,,,,,Tazewell,South Fork Clinch River,SFCR_2,37.125195,-81.484888,"Lower sampling site of Dunford Park Restoration site, Tazewell, VA. Located in riffle at top of lower bench, adjacent to the soccer field. ",8/29/2019,20,,,,,5,,,1,,,1,40,,,44,12,165,1,,4,29,,2,1,Fish,305,17.37704918,14.42622951,0,54.09836066,2.62295082,12.13114754,10,Acceptable,,,,,,,,,,,,,,,,,,,,,,,,,,,,,,,,,,,,,,,,,,,,,,,,,,,,,Fairfax,Pohick Creek,POH3,38.454,-77.1346,Pohick Stream Valley Park/Hidden Pond Nature Center,5/18/2019,90,90,90,90,,1,0,,0,0,0,0,0,0,0,86,0,3,50,0,0,0,0,0,1,,141,0,60.9929078,0,2.127659574,36.17021277,0.709219858,6,Unacceptable,,,,,,,,,,,,,,,,,,,,,,,,,,,,,,,,,,,,,,,,,,,,,,,,,,,,,Rockbridge,Cedar Grove Branch,Cedar Grove Branch @ Maury River ,37.8827,-79.3858,On Cedar Grove Branch immediately upstream of the confluence with the Maury River.,5/23/2019,30,,,,,1,0,0,2,0,0,7,275,0,0,15,10,10,16,56,1,0,0,0,0,,393,74.30025445,3.816793893,0,2.544529262,18.57506361,0.763358779,10,Acceptable,,,,,,,,,,,,,,,,,,,,,,,,,,,,,,,,,,,,,,,,,,,,,,,,,,,,,Rockbridge,Maury River,Maury River at Cedar Grove Branch,37.882,-79.386,Maury River upstream and near the outflow of Cedar Grove Branch ,7/26/2019,20,,,,,0,3,0,0,0,0,17,46,1,0,25,25,57,4,1,0,27,0,0,0,,206,42.7184466,12.13592233,0,27.66990291,4.368932039,14.5631068,11,Acceptable,,,,,,,,,,,,,,,,,,,,,,,,,,,,,,,,,,,,,,,,,,,,,,,,,,,,,Rockbridge,Maury River,Maury River at Cedar Grove Branch,37.882,-79.386,Maury River upstream and near the outflow of Cedar Grove Branch ,7/26/2019,20,,,,,0,3,0,0,0,0,17,46,1,0,25,25,57,4,1,0,27,0,0,0,,206,42.7184466,12.13592233,0,27.66990291,4.368932039,14.5631068,11,Acceptable,,,,,,,,,,,,,,,,,,,,,,,,,,,,,,,,,,,,,,,,,,,,,,,,,,,,,Fairfax,Pike Branch,15-PL26-Cam-Cameron Run-Cam1,38.792967,-77.083527,"In Jefferson Manor Park - 2909 Farmington Dr., Alexandria, VA. Stream site is next to Telegraph Road.",8/18/2019,90,90,90,90,,37,1,0,0,0,0,1,4,0,0,26,2,0,1,2,0,0,0,0,,,74,9.459459459,35.13513514,0,0,55.40540541,51.35135135,3,Unacceptable,,,,,,,,,,,,,,,,,,,,,,,,,,,,,,,,,,,,,,,,,,,,,,,,,,,,,Amherst,Tributary to Ivy Creek,Site A,37.43232,-79.203,"small stream behind home of 2239 Surrey Pl, Lynchburg VA",9/2/2019,30,60,90,,,,,,,,,1,48,1,142,8,1,,,22,,,,,,,223,22.42152466,3.587443946,0,0,10.31390135,0,9,Acceptable,,,,,,,,,,,,,,,,,,,,,,,,,,,,,,,,,,,,,,,,,,,,,,,,,,,,,Franklin,Poplar Camp Creek,11-RU24-Pop-PCC,37.0151,-79.7704944,"100 yds up from bridge at 975  Ayers Road on Brooks farm, Glade Hill",9/6/2019,20,30,,,,10,,,,,,15,5,2,6,2,7,19,132,4,,3,,,,,202,13.36633663,0.99009901,0,9.405940594,73.26732673,4.95049505,8,Grayzone,,,,,,,,,,,,,,,,,,,,,,,,,,,,,,,,,,,,,,,,,,,,,,,,,,,,,Fairfax,Pimmit Run,19-PL24-Pim-PIM7,38.923682,-77.171947,"Site is located along Pimmit Run in Kent Gardens Park. Site is accessible by a trail intersecting Old Chesterbrook Road and is located approximately 550ft down the trail to the South. The site is located in Fairfax County parkland, behind homes on either side of the park. Site is managed by the Ranniger Family, started fall 2019. 38.923682, -77.171947 ",9/1/2019,90,20,,,,8,7,0,0,0,0,0,40,0,0,142,80,4,34,9,0,0,0,0,,,324,37.03703704,43.82716049,0,1.234567901,17.90123457,4.62962963,8,Grayzone,,,,,,,,,,,,,,,,,,,,,,,,,,,,,,,,,,,,,,,,,,,,,,,,,,,,,Madison,Rose River,M-11,38.4730556,-78.3155556,Rt 670 @ confluence with Robinson River,9/7/2019,20,,,,,1,0,0,0,0,0,29,4,1,2,134,32,28,0,8,2,0,0,0,0,,241,26.97095436,55.60165975,0,11.61825726,4.149377593,0.414937759,9,Acceptable,,,,,,,,,,,,,,,,,,,,,,,,,,,,,,,,,,,,,,,,,,,,,,,,,,,,,Fauquier,Goose Creek,3,38.93583,-77.87056,"Map 5515, Sect A1. About 2 mi west of Rectortown at gate on left before going down hill. Walk down old road from gate. Riffle above confluence of Gap Run upstream from Rectortown Road, Rt 710 bridge. 30 feet downstream from old concrete opposite old mill run.",5/30/2019,60,,,,,0,0,0,1,0,0,34,15,4,8,101,57,18,3,0,5,0,0,0,,,246,43.08943089,41.05691057,0,7.317073171,2.845528455,0.406504065,10,Acceptable,,,,,,,,,,,,,,,,,,,,,,,,,,,,,,,,,,,,,,,,,,,,,,,,,,,,,Fauquier,Bolling Branch,9,38.91306,-77.89056,"Bolling's Branch just upstream of bridge on Rt 713, Maidstone Rd., before confluence into Goose Creek",5/31/2019,60,,,,,12,0,0,0,0,0,8,1,0,6,108,41,21,0,1,0,0,0,6,,,204,24.50980392,52.94117647,0,10.29411765,9.31372549,8.823529412,8,Grayzone,,,,,,,,,,,,,,,,,,,,,,,,,,,,,,,,,,,,,,,,,,,,,,,,,,,,,Prince William,Bull Run-- Young's Branch,09-PL44-Bul-Bull Run - Manassas,38.804361,-77.556977,,8/31/2019,90,90,,,"Mayflies: 9 flathead, 4 brushlegged, 4 small minnow, 1 little stout.  
Damsel/dragon:  32 narrow-winged damsel, 3 broadwinged damsel, 6 dragonfly 
14 hellgrammite 
Most Caddis: 5 philopotamidae, 2 case-making caddis, 1 polycentropodidae 
Beetles: 40 riffle larva, 53 riffle adult, 7 water penny (psephenidae), 2 water penny (ectopria) 2 long-toe, 1 crawling water (haliplidae)
Most True: 1 hydrophilidae larva",6,8,,1,,,,18,41,14,16,8,125,19,,1,,,,,,257,10.11673152,6.225680934,0,48.6381323,28.79377432,5.836575875,9,Acceptable,,,,,,,,,,,,,,,,,,,,,,,,,,,,,,,,,,,,,,,,,,,,,,,,,,,,,Pittsylvania,Unnamed tributary to Sandy Creek,DRB-2,36.606575,-79.419334,"This stream is part of the Dan River Basin Associations ongoing Citizen Water Quality Monitoring program in Danville, VA.",9/15/2019,60,,,,"2 fish,  1 frog, and raccoon and deer prints",4,,,,,,,48,,,150,,,98,,1,,,,,,301,15.94684385,49.83388704,0,0,33.88704319,1.328903654,6,Unacceptable,,,,,,,,,,,,,,,,,,,,,,,,,,,,,,,,,,,,,,,,,,,,,,,,,,,,,Pittsylvania,Unnamed tributary to Sandy Creek,DRB-2,36.606575,-79.419334,"This stream is part of the Dan River Basin Associations ongoing Citizen Water Quality Monitoring program in Danville, VA.",4/21/2019,60,60,,,Back further for pull 1,2,,,,,,,1,,,164,,,228,7,2,,,,,,404,0.247524752,40.59405941,0,0,58.66336634,0.495049505,5,Unacceptable,,,,,,,,,,,,,,,,,,,,,,,,,,,,,,,,,,,,,,,,,,,,,,,,,,,,,Bedford,Jumping Run Creek,JRC,37.20517,-79.70994,off Goodview Road Rt 653 near Sycamore - approx. 100 ft down stream from cement bridge in field off road,9/16/2019,20,10,,,,8,,,,,,13,12,,21,117,46,16,30,3,4,,,,,,270,26.2962963,43.33333333,0,5.925925926,15.18518519,2.962962963,8,Grayzone,,,,,,,,,,,,,,,,,,,,,,,,,,,,,,,,,,,,,,,,,,,,,,,,,,,,,Franklin,Blackwater River,Blackwater-RiverdancePlace,37.054872,-79.824503,"Riverdance place off of 871. 1/2 mile from the junction of Virginia Routes 871 and 122, a few miles Nouth of Rocky Mount, VA",9/17/2019,20,30,,,,7,,,,,,14,71,3,4,33,,,45,14,,33,,10,,,234,36.32478632,14.1025641,0,0,33.76068376,21.36752137,8,Grayzone,,,,,,,,,,,,,,,,,,,,,,,,,,,,,,,,,,,,,,,,,,,,,,,,,,,,,Rockbridge,Colliers Creek,Colliers below bridge at Church St.,37.785082,-79.587558,three dry streams above site,9/14/2019,30,0,0,0,,0,0,0,7,0,0,71,202,0,0,1,15,19,5,0,1,0,0,0,0,,321,89.71962617,0.31152648,0,5.919003115,1.557632399,2.180685358,11,Acceptable,,,,,,,,,,,,,,,,,,,,,,,,,,,,,,,,,,,,,,,,,,,,,,,,,,,,,Fairfax,Accotink Creek,ACC14,38.8046,-77.232,"Lake Accotink Park, downstream from the lake.  Park at visitor's center, walk down trail from main office to creek, just downstream to first good riffles.  Monitors: Friends of Accotink and Fairfax County Park Authority staff",9/17/2019,90,,,,,68,,,,,,,,,3,163,51,,52,,1,,,,,,338,15.0887574,48.22485207,0,0,35.50295858,20.1183432,5,Unacceptable,,,,,,,,,,,,,,,,,,,,,,,,,,,,,,,,,,,,,,,,,,,,,,,,,,,,,Fairfax,Accotink Creek,Accotink Creek - 09-PL30-Acc-ACC17,38.81865,-77.224,"On the Wakefield Tributary of Accotink, at the restoration site on the grounds Wakefield Park just north of Audrey Moore Rec Center.",9/17/2019,90,90,,,"Wakefield Run has been monitored for a period of 5 years before and after stream restoration work concluded in 2014. This is the final session planned.
http://www.accotink.org/Wakefield_Run.htm",15,,5,,,,,,14,,96,21,,54,,3,,5,,,,213,9.85915493,45.07042254,2.34741784,0,43.66197183,11.7370892,3,Unacceptable,,,,,,,,,,,,,,,,,,,,,,,,,,,,,,,,,,,,,,,,,,,,,,,,,,,,,Rockbridge,Mouse Run - Maury River,13-JU74-Mou-12-MOU-01,37.874,-79.379,,9/19/2019,90,,,,,6,0,0,0,0,0,19,108,3,1,0,32,45,8,0,2,0,1,0,0,,225,70.66666667,0,0.444444444,20,8,3.111111111,11,Acceptable,,,,,,,,,,,,,,,,,,,,,,,,,,,,,,,,,,,,,,,,,,,,,,,,,,,,,Fairfax,Walney Creek,09-PL45-Wal-CR 11,38.8566,-77.4322,,9/18/2019,80,80,80,,,5,0,0,3,0,0,12,0,6,0,18,11,72,82,0,2,0,0,0,0,n/a,211,10.90047393,8.530805687,0,34.12322275,44.07582938,3.791469194,10,Acceptable,,,,,,,,,,,,,,,,,,,,,,,,,,,,,,,,,,,,,,,,,,,,,,,,,,,,,Franklin,Gills Creek,11-RU25-Gil-GC-2,37.1583,-79.855,,9/20/2019,20,12,0,0,,,,,5,,,21,8,,1,167,20,17,14,8,13,,,,,,274,17.88321168,60.94890511,0,6.204379562,8.02919708,1.824817518,8,Grayzone,,,,,,,,,,,,,,,,,,,,,,,,,,,,,,,,,,,,,,,,,,,,,,,,,,,,,Rockbridge,Kerrs Creek,R7-KC-2,37.835,-79.45166667,Corner of Big Spring Rd. and Low Bridge Ln,9/19/2019,20,,,,,50,0,0,1,0,0,15,45,0,7,2,0,90,2,0,0,0,0,0,,,212,28.30188679,0.943396226,0,42.45283019,24.52830189,24.05660377,9,Acceptable,,,,,,,,,,,,,,,,,,,,,,,,,,,,,,,,,,,,,,,,,,,,,,,,,,,,,Rockbridge,Colliers Creek,Colliers below bridge at Church St.,37.785082,-79.587558,three dry streams above site,5/2/2019,20,20,0,0,we have moved to 37.4706/-79.3516 which is about 50 feet west of previous site because new rip/rap have made access unsafe. This will be the site we use in the future,1,0,0,4,0,0,81,119,5,5,7,5,8,1,0,1,0,0,0,1,tiny catfish,238,86.13445378,2.941176471,0,3.361344538,2.941176471,2.100840336,11,Acceptable,,,,,,,,,,,,,,,,,,,,,,,,,,,,,,,,,,,,,,,,,,,,,,,,,,,,,Rockbridge,Mill Creek,Mill Creek at Equestrian Lane,37.7990021,-79.4089863,Mill Creek at Equestrian Lane,9/23/2019,20,20,0,0,"3 people were trained.
conductivity 484",9,0,0,3,0,0,32,79,1,2,8,28,41,26,1,7,0,0,0,4,minnows,241,57.67634855,3.319502075,0,17.01244813,15.3526971,4.979253112,12,Acceptable,,,,,,,,,,,,,,,,,,,,,,,,,,,,,,,,,,,,,,,,,,,,,,,,,,,,,Richmond,Crooked Branch,CB,37.51468,-77.47834,Northrop St. west of Roanoke St. Dead end in cul-de-sac features park trail leading to stream.,9/24/2019,90,90,90,90,,9,1,,0,0,0,0,37,1,0,45,1,0,40,6,1,0,0,0,2,cranefly larvae,143,26.57342657,31.46853147,0,0,39.86013986,6.993006993,7,Unacceptable,,,,,,,,,,,,,,,,,,,,,,,,,,,,,,,,,,,,,,,,,,,,,,,,,,,,,Loudoun,Town Branch,L4-TB-01,39.114985,-77.571547,"Across the street from Catoctin Veterinary Clinic, at the corner of Town Branch Terrace and Dry Mill Road.",9/22/2019,90,90,,,,1,77,,,,,,2,,,129,53,54,18,,5,,,,,,339,16.22418879,38.05309735,0,15.92920354,28.31858407,23.00884956,7,Unacceptable,,,,,,,,,,,,,,,,,,,,,,,,,,,,,,,,,,,,,,,,,,,,,,,,,,,,,Loudoun,North Fork Goose Creek,North Fork Goose Creek (GCA 29),39.09262,-77.71569,"Pass on right 19074 Meeting House Farm, go to the bridge at the bottom of the hill, corner of Telegraph Springs and Guinea Bridge Road. Walk back up the hill just a bit and look for the trail in the woods to get down to the creek.
",5/19/2019,90,,,,,17,3,0,0,0,0,3,1,1,1,75,120,28,0,4,1,0,0,5,0,,259,47.87644788,28.95752896,0,10.81081081,11.58301158,9.652509653,10,Acceptable,,,,,,,,,,,,,,,,,,,,,,,,,,,,,,,,,,,,,,,,,,,,,,,,,,,,,Rockbridge,Buffalo Creek,buffalo creek - kygers hill,37.7508,-79.55616,"this is a new site 

Buffalo Creek at Kyger's hill

37 degrees 45' 02.88"" N
79 degrees 33' 22.16"" ",9/27/2019,20,20,20,,,6,0,0,6,0,0,0,98,1,14,0,27,22,6,0,47,19,0,0,0,,246,50.81300813,0,0,8.943089431,5.284552846,12.60162602,11,Acceptable,,,,,,,,,,,,,,,,,,,,,,,,,,,,,,,,,,,,,,,,,,,,,,,,,,,,,Richmond,Rattlesnake Creek,JRA 2,37.54919,-77.54398,Within the city of Richmond,10/1/2019,90,90,90,,collected for 90 sec. due to previous experience at this site,5,3,0,0,0,0,0,5,9,0,178,0,3,10,0,0,2,0,0,2,unknown,217,2.304147465,82.02764977,0,1.382488479,12.44239631,4.608294931,6,Unacceptable,,,,,,,,,,,,,,,,,,,,,,,,,,,,,,,,,,,,,,,,,,,,,,,,,,,,,Loudoun,Beaverdam Run,BEAVER#3 - LWC#25,39.024158,-77.496875,Behind Ashburn Run subdivision near Broadland Boulevard.,9/29/2019,90,,,,,37,1,,1,,1,,,11,,,8,139,5,1,,,,3,,,207,3.8647343,0,0,67.14975845,28.50241546,20.77294686,9,Acceptable,,,,,,,,,,,,,,,,,,,,,,,,,,,,,,,,,,,,,,,,,,,,,,,,,,,,,Prince William,Quantico Creek -South Fork,Quantico Creek-South Fork-15-PL52-QC1,38.56752,-77.36497,This site is at the South Fork of the Quantico Creek. Site is located  to the left  of the trail down the steps from parking lot B.  About 40 feet upstream from the bridge.,9/26/2019,40,,,,,0,0,0,0,0,0,13,10,1,6,109,122,15,9,5,0,0,0,0,0,,290,50,37.5862069,0,5.172413793,5.172413793,0,9,Acceptable,,,,,,,,,,,,,,,,,,,,,,,,,,,,,,,,,,,,,,,,,,,,,,,,,,,,,Henry,Fell's Branch,VMNH1,36.763905,-79.964954,,10/5/2019,20,0,0,0,,1,,,,,,,13,,,237,1,1,23,,9,,,,,,285,4.912280702,83.15789474,0,0.350877193,8.421052632,0.350877193,6,Unacceptable,,,,,,,,,,,,,,,,,,,,,,,,,,,,,,,,,,,,,,,,,,,,,,,,,,,,,Prince William,Powell Creek,Powells Creek-17-PL51- MCL1,38.60691,-77.32914,"This site is accessible from Northgate Dr. across the Montclair golf field. The site is a ripple area  located downstream from the field, some  100ft downstream of a restored area. This site is  close to a  trail; behind 16068 Dear Park Dr. ",10/5/2019,90,,,,,9,,,,,,,13,1,3,115,53,8,,,,,,,,,202,32.67326733,56.93069307,0,3.96039604,4.95049505,4.455445545,9,Acceptable,,,,,,,,,,,,,,,,,,,,,,,,,,,,,,,,,,,,,,,,,,,,,,,,,,,,,Rappahannock,South Fork Thornton River,R-5,38.65722,-78.21611,Confluence with North Fork Thornton,10/2/2019,40,60,,,,0,0,0,0,0,0,29,0,0,7,58,133,12,0,0,0,0,0,0,0,,239,67.78242678,24.26778243,0,5.020920502,0,0,10,Acceptable,,,,,,,,,,,,,,,,,,,,,,,,,,,,,,,,,,,,,,,,,,,,,,,,,,,,,Rappahannock,North Fork Thornton,10-RA11-Nor-R-7,38.6575,-78.2156,,10/2/2019,30,60,90,,,1,0,0,0,0,0,28,60,1,21,28,58,85,0,0,1,0,0,0,0,,283,51.59010601,9.893992933,0,30.03533569,0.706713781,0.35335689,12,Acceptable,,,,,,,,,,,,,,,,,,,,,,,,,,,,,,,,,,,,,,,,,,,,,,,,,,,,,Franklin,Gills Creek,11-RU25-Gil-GC-1,37.1071,-79.7307,,10/11/2019,20,50,,,Temp in celsius. Net is 1/32.,3,,,,,,3,149,,3,290,9,3,5,1,3,,,5,,,474,33.96624473,61.1814346,0,0.632911392,2.953586498,1.687763713,8,Grayzone,,,,,,,,,,,,,,,,,,,,,,,,,,,,,,,,,,,,,,,,,,,,,,,,,,,,,Roanoke,Barnhart Creek,11-RU14-Bar-BHT,37.2561,-80.0339,,10/15/2019,20,20,,,,15,,,1,,,9,16,1,,300,41,3,,3,4,,,,,,393,16.79389313,76.33587786,0,0.763358779,4.834605598,4.071246819,7,Unacceptable,,,,,,,,,,,,,,,,,,,,,,,,,,,,,,,,,,,,,,,,,,,,,,,,,,,,,Roanoke,Tinker Creek,TKR-02.51,37.2920609,-79.9229196,In Roanoke City at East Gate Park 13th St NE below the large pool that is beside the parking lot,6/25/2019,20,15,,,,55,3,2,5,,,,11,,,88,68,28,,2,2,26,,3,,,293,26.96245734,30.03412969,0,9.556313993,22.18430034,32.08191126,8,Grayzone,,,,,,,,,,,,,,,,,,,,,,,,,,,,,,,,,,,,,,,,,,,,,,,,,,,,,Franklin,Indian Run,11-RU18-Ind-InR-1,37.14,-79.7509,,10/8/2019,20,0,0,0,,0,0,0,1,0,0,33,4,1,0,221,53,6,0,,0,0,0,0,,,319,28.21316614,69.27899687,0,1.880877743,0.313479624,0.313479624,7,Unacceptable,,,,,,,,,,,,,,,,,,,,,,,,,,,,,,,,,,,,,,,,,,,,,,,,,,,,,Fairfax,Holmes Run,09-PL26-Hol-Holmes Run 2,38.8526,-77.1959,,10/20/2019,90,90,,,"Steady rain, we were wet",2,2,0,2,0,0,0,2,3,9,46,38,79,17,0,3,0,0,0,3,crane fly larva,206,19.41747573,22.33009709,0,38.34951456,11.65048544,2.912621359,10,Acceptable,,,,,,,,,,,,,,,,,,,,,,,,,,,,,,,,,,,,,,,,,,,,,,,,,,,,,Fairfax,Snakeden Branch,09-PL22-Sna-DR29,38.9367,-77.3589,,10/19/2019,90,90,90,90,,6,,,,,,,,5,,133,69,,54,,4,,2,,,,273,25.27472527,48.71794872,0.732600733,0,24.54212454,2.93040293,6,Unacceptable,,,,,,,,,,,,,,,,,,,,,,,,,,,,,,,,,,,,,,,,,,,,,,,,,,,,,Botetourt,Glade Creek Tributary,11-JU55-Gla-Gld-T8,37.35734,-79.81795,,10/18/2019,40,,,,,1,0,0,7,0,0,0,96,1,0,240,65,23,5,2,6,0,0,0,,,446,36.09865471,53.81165919,0,5.156950673,2.01793722,1.793721973,9,Acceptable,,,,,,,,,,,,,,,,,,,,,,,,,,,,,,,,,,,,,,,,,,,,,,,,,,,,,Fairfax,Holmes Run,F2-HR-07,38.84975,-77.19185,"Site located in Roundtree Park; park in parking lot and follow trail into park, site is at the first stream crossing to the left; site created Oct. 2019 by NVSWCD, had been monitored in previous years",10/21/2019,90,90,90,90,construction in the park may be damming water upstream,0,0,0,3,0,0,0,0,0,0,1,6,1,26,4,123,0,130,0,0,,294,2.040816327,0.340136054,44.21768707,0.340136054,54.42176871,45.23809524,3,Unacceptable,,,,,,,,,,,,,,,,,,,,,,,,,,,,,,,,,,,,,,,,,,,,,,,,,,,,,Richmond,Albro Creek,JRA1,37.49715,-77.43922,"Bellemeade Community Center, Richmond, VA",10/22/2019,60,90,90,90,,97,3,0,0,0,0,0,49,0,0,144,1,0,10,0,9,0,0,0,1,cranefly larvae,314,15.92356688,45.85987261,0,0,35.03184713,31.84713376,4,Unacceptable,,,,,,,,,,,,,,,,,,,,,,,,,,,,,,,,,,,,,,,,,,,,,,,,,,,,,Rappahannock,South Fork Thornton River,R2-SFTR-03,38.657694,-78.22481,Behind Headmaster's Pub/Schoolhouse Building along Lee Highway. Wide grassy area directly behind pub - downstream of bridge.,10/23/2019,20,20,20,,One net collection per group at site.,1,3,,1,,,35,25,1,6,123,104,19,5,1,1,,,,,,325,50.46153846,37.84615385,0,5.846153846,3.384615385,1.538461538,9,Acceptable,,,,,,,,,,,,,,,,,,,,,,,,,,,,,,,,,,,,,,,,,,,,,,,,,,,,,Rockbridge,Whistle Creek,R7-WC-03,37.819881,-79.491652,"Bridge at west end of Edgars Way at US60, land belonging to Richard and Rene Hasey (2019)",10/23/2019,20,70,,,"Conductivity 423
Monitors: Chris Baroody, Joyce Cambron, Bob Biersack

First time at this site",0,0,0,7,0,0,1,51,0,2,0,3,121,0,0,0,16,0,1,,,202,27.22772277,0,0,59.9009901,0.495049505,11.88118812,10,Acceptable,,,,,,,,,,,,,,,,,,,,,,,,,,,,,,,,,,,,,,,,,,,,,,,,,,,,,Prince William,Airport Creek,Airport Creek-16-PL41-OCQ1,38.69378 N ,-77.32346,Site is accessed off of Springwood Drive before the intersection of Tiad Ct. and Troika Ct. The site is located about 700ft before the Creek enters the Occoquan Lake near Lake Ridge Marina Golf Course. ,10/26/2019,60,60,,,,5,1,,,,,,1,,,93,56,26,16,1,1,,,,6,Water striders,206,27.66990291,45.14563107,0,12.62135922,11.16504854,2.912621359,9,Acceptable,,,,,,,,,,,,,,,,,,,,,,,,,,,,,,,,,,,,,,,,,,,,,,,,,,,,,Franklin,Foul Ground Creek,11-RU24-Fou-FGC,37.0422,-79.7516,"4351 Webster Road, Glade Hill - 1200 ft across field behind house
",10/26/2019,20,,,,,,,,,,,21,122,,3,64,60,2,20,,2,1,,,,,295,68.81355932,21.69491525,0,0.677966102,6.779661017,0.338983051,9,Acceptable,,,,,,,,,,,,,,,,,,,,,,,,,,,,,,,,,,,,,,,,,,,,,,,,,,,,,Fairfax,Snakeden Branch,09-PL22-Sna-DR19,38.9299,-77.3459,,10/26/2019,90,90,90,,,1,,,,,,,,1,,157,27,1,62,1,8,,,,,,258,10.46511628,60.85271318,0,0.387596899,25.19379845,0.387596899,6,Unacceptable,,,,,,,,,,,,,,,,,,,,,,,,,,,,,,,,,,,,,,,,,,,,,,,,,,,,,Franklin,Grimes Creek,11-RU18-Gri-GrC,37.168,-79.7295,,10/28/2019,45,45,,,Water color cloudy,,,,4,,,15,1,5,6,68,69,6,30,,7,,,,,,211,40.28436019,32.22748815,0,2.843601896,16.58767773,1.895734597,9,Acceptable,,,,,,,,,,,,,,,,,,,,,,,,,,,,,,,,,,,,,,,,,,,,,,,,,,,,,Fairfax,South Run,09-PL29-Sou-POH14,38.7431,-77.275,"Along the walking path behind South Run Rec Center in Burke, in the Potomac Watershed.
",10/6/2019,,,,,The stream is very low and there is minimal water movement (ripples) in sampling area when compared to how this stream usually appears. Collection time was 1 minute for each of 3 nets.,3,1,0,0,0,0,11,8,11,2,14,97,43,0,4,2,0,3,3,0,,202,57.42574257,6.930693069,1.485148515,21.28712871,12.37623762,4.95049505,11,Acceptable,,,,,,,,,,,,,,,,,,,,,,,,,,,,,,,,,,,,,,,,,,,,,,,,,,,,,Montgomery,Tom's Creek,TC1211,37.232792,-80.523576,"Tom's Creek at the first Poverty Creek Rd. bridge off of Mt. Zion Rd.,  has good easy access with a sandy beach for table setup.  There is a parking area on the left across the bridge.  This site was easy to find as it is off of a main dirt road, and is about 10 minutes from Prices Fork. ",10/30/2019,20,40,,,,6,,,1,,,18,27,2,2,12,16,155,,,2,66,,1,,,308,19.80519481,3.896103896,0,50.32467532,2.922077922,24.02597403,9,Acceptable,,,,,,,,,,,,,,,,,,,,,,,,,,,,,,,,,,,,,,,,,,,,,,,,,,,,,Giles,Sinking Creek,SNK-C,37.3080556,-80.4994444,Newport Town Park on Rt 42,10/29/2019,20,40,,,,1,,,1,,,5,87,,1,4,11,89,1,1,6,9,,,,,216,47.68518519,1.851851852,0,41.2037037,1.388888889,5.092592593,12,Acceptable,,,,,,,,,,,,,,,,,,,,,,,,,,,,,,,,,,,,,,,,,,,,,,,,,,,,,Fairfax,Wolftrap Creek,17-PL22-Wtrap-DR39,38.902188,-77.2619,In Wildwood Park in the Town of Vienna at the footbridge over the creek south of Follin Lane and near the dead end of Valley Dr SE.,11/2/2019,90,15,,,Used the twist method to get the most organisms.,3,0,0,0,0,0,0,0,5,0,145,84,3,9,0,5,0,3,0,1,Earthworm,258,32.55813953,56.20155039,1.162790698,1.162790698,7.751937984,2.325581395,7,Unacceptable,,,,,,,,,,,,,,,,,,,,,,,,,,,,,,,,,,,,,,,,,,,,,,,,,,,,,Fairfax,Middle Run,18-PL29-Poh-MR2,38.750743,-77.241395,In Middle Run Stream Valley Park just downstream of Fairfax County Pkwy.,11/3/2019,60,40,,,,36,8,2,0,0,0,0,0,0,5,145,15,1,0,0,2,0,0,0,1,baby fish,215,6.976744186,67.44186047,0,0.465116279,21.39534884,21.39534884,4,Unacceptable,,,,,,,,,,,,,,,,,,,,,,,,,,,,,,,,,,,,,,,,,,,,,,,,,,,,,Bedford,"South Fork of ""Hickory Creek"" (previously unnamed)",11-RU19-Sou-HIC01,37.12712,-79.63321,,11/3/2019,20,30,30,,,,,,1,,,10,24,2,12,95,39,24,60,4,5,6,,,,,282,25.88652482,33.68794326,0,8.510638298,23.40425532,2.482269504,10,Acceptable,,,,,,,,,,,,,,,,,,,,,,,,,,,,,,,,,,,,,,,,,,,,,,,,,,,,,Franklin,Blackwater River,11-RU20-Bla-Blackwater-Dillon's Mill,37.07637,-80.04067,,11/3/2019,20,15,0,0,,27,,,4,,,13,129,,2,104,11,31,,1,,61,,,,,383,39.94778068,27.154047,0,8.093994778,7.310704961,24.02088773,9,Acceptable,,,,,,,,,,,,,,,,,,,,,,,,,,,,,,,,,,,,,,,,,,,,,,,,,,,,,Carroll,Snake Creek,Snake Creek at Big Reed Island,36.744055,-80.62826,"From Hillsville, Va. Travel 58 east approximately 7 miles east.  Turn left on Link Drive (east of Snake Creek bridge) - Travel .4 miles.  Turn left onto Rollingwood Lane - Travel .3 miles.  Drive past End of State Maintenance Sign (Private Property) - Travel .2 miles.  Sample collected in Snake Creek left of picnic area",11/3/2019,20,30,,,,2,0,0,5,0,0,40,85,0,2,60,14,73,8,6,4,16,0,0,0,,315,44.12698413,19.04761905,0,23.17460317,5.079365079,7.301587302,11,Acceptable,,,,,,,,,,,,,,,,,,,,,,,,,,,,,,,,,,,,,,,,,,,,,,,,,,,,,Franklin,Maggoddee Creek,11-RU23-Mag-Mag-1,37.1147,-79.9483,,11/3/2019,20,20,0,0,,9,,,2,,,9,59,,4,318,5,12,4,1,7,,,,,,430,16.97674419,73.95348837,0,2.790697674,3.255813953,2.558139535,7,Unacceptable,,,,,,,,,,,,,,,,,,,,,,,,,,,,,,,,,,,,,,,,,,,,,,,,,,,,,Fairfax,Horsepen Run,18-PL18-Hor-HP5,38.92476,-77.406596,"Follow walking path down from Bradley Farm Dr., collection site is at the first stream crossing. 

39.924760, -77.406596",11/3/2019,40,60,60,60,"big storm on October 31, four days ago",21,0,1,0,0,0,0,1,0,0,262,34,1,0,1,36,0,4,38,0,,399,8.771929825,65.6641604,1.002506266,0.250626566,16.29072682,16.04010025,4,Unacceptable,,,,,,,,,,,,,,,,,,,,,,,,,,,,,,,,,,,,,,,,,,,,,,,,,,,,,Franklin,Gills Creek,11-RU25-Gil-GC-LH,37.1276,-79.7832,,11/5/2019,20,30,,,,,,,,,,6,35,1,9,198,19,,1,1,2,1,,1,,,273,21.97802198,72.52747253,0,0,1.098901099,0.366300366,7,Unacceptable,,,,,,,,,,,,,,,,,,,,,,,,,,,,,,,,,,,,,,,,,,,,,,,,,,,,,Bath,Cowpasture River,CpR 13-JU30-Cow-CpR 59.8 Scotchtown Draft,38.15289,-79.5978,,11/5/2019,20,,,,"Cattle now immediately u/s
Minor trash (socks & gloves!)
Rugosa overrunning area
Some activity in camping area u/s
Collected CRPA bacteriological sample ",0,1,0,0,0,0,6,162,1,2,9,18,86,0,0,0,0,1,0,0,,286,65.03496503,3.146853147,0.34965035,30.06993007,1.048951049,0.699300699,11,Acceptable,,,,,,,,,,,,,,,,,,,,,,,,,,,,,,,,,,,,,,,,,,,,,,,,,,,,,Bedford,Stoney Creek,sml9,37.16817,-79.68545,Our site is in the Beechwood West subdivision off Gap Bridge Rd. near Smith Mountain lake.,11/6/2019,20,30,,,,1,0,0,1,0,0,17,18,0,1,193,152,25,0,2,4,0,0,0,0,,414,45.16908213,46.61835749,0,6.038647343,0.724637681,0.483091787,9,Acceptable,,,,,,,,,,,,,,,,,,,,,,,,,,,,,,,,,,,,,,,,,,,,,,,,,,,,,Franklin,Indian Creek,11-RU18-Ind-InC-1,37.1369,-79.7257,,11/6/2019,20,75,30,0,,4,,,1,,,1,101,,,52,30,11,3,3,6,,1,,,,213,61.97183099,24.41314554,0.469483568,5.164319249,5.164319249,2.816901408,9,Acceptable,,,,,,,,,,,,,,,,,,,,,,,,,,,,,,,,,,,,,,,,,,,,,,,,,,,,,Fairfax,Little Difficult Run,DR04,38.911096,-77.358156,in Fox Mill District Park,11/2/2019,90,90,90,0,None. ,6,0,0,0,0,0,23,83,5,0,14,70,57,0,0,23,1,0,0,0,0,282,62.41134752,4.964539007,0,20.21276596,3.90070922,2.482269504,12,Acceptable,,,,,,,,,,,,,,,,,,,,,,,,,,,,,,,,,,,,,,,,,,,,,,,,,,,,,Rockbridge,Sarah's Run,Station 1,37.7805556,-79.4533333,before confluence with Woods Creek,11/9/2019,90,90,90,90,"even with 4, 90 second, nets we could net only 161 organisms. the form would not accept 90 as an integer so I entered 0",2,0,0,6,0,0,0,3,0,0,42,65,12,20,5,6,0,0,0,0,n/a,161,42.23602484,26.08695652,0,7.453416149,16.77018634,4.968944099,11,Acceptable,,,,,,,,,,,,,,,,,,,,,,,,,,,,,,,,,,,,,,,,,,,,,,,,,,,,,Rockbridge,Cedar Creek,MAU 225,37.630438,-79.546658,"Cedar Creek at Monacan Villiage, Maury River",10/19/2019,20,30,60,0,,,0,0,3,0,0,9,131,0,6,9,4,40,12,0,0,1,0,0,3,true bugs,218,66.05504587,4.128440367,0,18.34862385,5.504587156,1.834862385,12,Acceptable,,,,,,,,,,,,,,,,,,,,,,,,,,,,,,,,,,,,,,,,,,,,,,,,,,,,,Fauquier,Goose Creek (Upper),7,38.90528,-78.029722,"Map 5512, Sect F6. 2nd riffle below Rt 726 bridge, Fiery Run Rd.",10/15/2019,45,45,45,,,13,0,0,2,0,0,2,7,7,4,80,15,48,13,18,4,0,7,1,0,,221,10.85972851,36.19909502,3.167420814,21.71945701,26.69683258,10.40723982,5,Unacceptable,,,,,,,,,,,,,,,,,,,,,,,,,,,,,,,,,,,,,,,,,,,,,,,,,,,,,Fauquier,Crooked Run,Crooked Run Site 10,38.94694,-77.93806,Drive north on Rt. 17 towards Paris. Turn left on Peter Swartz Drive. Sample downstream from bridge. ,10/25/2019,24,24,,,"Very low with drought conditions, but some rain in last week. Lot of leaf litter covering bottom of stream.  2 riffles with some flow. More lunged snails than usual. ",1,0,0,0,0,0,6,44,0,19,61,28,26,0,0,4,0,25,1,0,,215,36.27906977,28.37209302,11.62790698,12.09302326,12.55813953,12.55813953,8,Grayzone,,,,,,,,,,,,,,,,,,,,,,,,,,,,,,,,,,,,,,,,,,,,,,,,,,,,,Fauquier,Crooked Run,Crooked Run Site 10,38.94694,-77.93806,Drive north on Rt. 17 towards Paris. Turn left on Peter Swartz Drive. Sample downstream from bridge. ,10/25/2019,24,24,,,Very low with drought conditions but some rain in last week. Lots of leaf litter covering the bottom of the stream.  riffles with some flow. More lunged snails than usual. ,1,0,0,0,0,0,6,44,0,19,61,28,26,0,0,4,0,25,1,0,,215,36.27906977,28.37209302,11.62790698,12.09302326,12.55813953,12.55813953,8,Grayzone,,,,,,,,,,,,,,,,,,,,,,,,,,,,,,,,,,,,,,,,,,,,,,,,,,,,,Amherst,tributary of Ivy Creek,Site a,37.43232,-79.203,"small stream flowing into Ivy Creek, year round water flow",10/29/2019,60,60,90,0,"collected 87, then 52 then 126 organisms",4,0,0,0,0,0,0,33,,,67,108,3,,,,,4,,18,Most True Fly,237,59.49367089,28.27004219,1.687763713,1.265822785,3.375527426,3.375527426,7,Unacceptable,,,,,,,,,,,,,,,,,,,,,,,,,,,,,,,,,,,,,,,,,,,,,,,,,,,,,Loudoun,North Fork Goose Creek,North Fork Goose Creek (GCA 29),39.09262,-77.71569,"Pass on right 19074 Meeting House Farm, go to the bridge at the bottom of the hill, corner of Telegraph Springs and Guinea Bridge Road. Walk back up the hill just a bit and look for the trail in the woods to get down to the creek.
",10/11/2019,60,,,,,0,4,0,0,0,0,0,14,0,1,94,132,40,5,2,0,0,0,0,0,,292,50,32.19178082,0,13.69863014,3.767123288,1.369863014,11,Acceptable,,,,,,,,,,,,,,,,,,,,,,,,,,,,,,,,,,,,,,,,,,,,,,,,,,,,,Loudoun,North Fork Goose Creek,North Fork Goose Creek (GCA 28),39.10928,-77.73692,"On Silcott Springs Road, past Paxton and Licky Mill to the bridge just past â€œFaith Farmâ€ù (on right). Parking is just before â€œFaith Farmâ€ù driveway on right (very small area to park and be careful of fast cars)
",10/11/2019,60,,,,,0,10,0,0,0,0,0,46,0,1,35,112,45,5,2,0,1,0,0,,0,257,61.47859922,13.61867704,0,17.50972763,6.614785992,4.280155642,12,Acceptable,,,,,,,,,,,,,,,,,,,,,,,,,,,,,,,,,,,,,,,,,,,,,,,,,,,,,Loudoun,Little River (Goose Creek),Little River #17,38.975581,-77.651193,"Site is located on Aldie Dam road just off of Route 50, past the old dam and just on the other side of the bridge. Turn left on the first driveway into farm - park near house. ",10/23/2019,90,45,,,,5,16,0,2,0,0,25,43,3,4,75,68,14,35,0,0,0,0,27,0,,317,42.9022082,23.65930599,0,4.416403785,27.12933754,15.77287066,9,Acceptable,,,,,,,,,,,,,,,,,,,,,,,,,,,,,,,,,,,,,,,,,,,,,,,,,,,,,Fairfax,Snakeden Branch,09-PL22-Sna-DR3,38.9338,-77.3231,,11/6/2019,60,,,,,2,24,,,,20,,5,,9,83,153,4,8,,,,,1,,,309,51.13268608,26.86084142,0,1.294498382,17.79935275,15.21035599,8,Grayzone,,,,,,,,,,,,,,,,,,,,,,,,,,,,,,,,,,,,,,,,,,,,,,,,,,,,,Prince William,Catharpin Run,09-PL43-Cat-Catharpin Run - Elaine Wilson,38.8509,-77.6352,,11/3/2019,60,,,,"Air temp - 12.9 C
Turbidity  0 JTU
Phosphate - 1 ppm
pH - 7.11
Nitrate - 5 ppm
DO - 4 ppm and 36% saturation
Coliform - positive",3,,6,,,,5,48,1,6,169,36,75,1,2,4,1,1,1,,,359,24.79108635,47.07520891,0.278551532,20.8913649,4.178272981,3.342618384,9,Acceptable,,,,,,,,,,,,,,,,,,,,,,,,,,,,,,,,,,,,,,,,,,,,,,,,,,,,,Loudoun,Tuscarora Creek,09-PL16-Tus-TUSCA#1 - LWC#2,39.09555,-77.5424,,9/8/2019,60,60,,,,5,72,,,,4,5,13,6,5,43,26,20,22,1,,,1,12,,,235,18.72340426,18.29787234,0.425531915,8.510638298,52.34042553,40,7,Unacceptable,,,,,,,,,,,,,,,,,,,,,,,,,,,,,,,,,,,,,,,,,,,,,,,,,,,,,Loudoun,Horse Pen Run,Horse Pen Run Sterling - LWC#100,39.05071512,-77.39738281,,9/1/2019,60,,,,,38,44,,,,,2,5,4,,19,16,15,98,,4,,,,,,245,9.387755102,7.755102041,0,6.12244898,75.10204082,33.46938776,5,Unacceptable,,,,,,,,,,,,,,,,,,,,,,,,,,,,,,,,,,,,,,,,,,,,,,,,,,,,,Loudoun,North Fork Catoctin Creek,L4-NFCC-01,39.19619757,-77.7470308,Park by the bridge at Stony Point road,10/25/2019,60,20,,,,2,24,0,,,,,40,,8,47,19,67,,,8,,,,,,215,27.44186047,21.86046512,0,31.1627907,12.09302326,12.09302326,9,Acceptable,,,,,,,,,,,,,,,,,,,,,,,,,,,,,,,,,,,,,,,,,,,,,,,,,,,,,Fairfax,Snakeden Branch - Tributary,09-PL22-Sna-DR16,38.938229,-77.322372,,11/16/2019,90,90,90,90,,5,,,1,,,,,,,57,146,,11,,5,,19,,,,244,59.83606557,23.36065574,7.786885246,0,14.3442623,10.24590164,6,Unacceptable,,,,,,,,,,,,,,,,,,,,,,,,,,,,,,,,,,,,,,,,,,,,,,,,,,,,,Franklin,Pigg River,11-RU29-Pig-Pigg-2,36.9678,-79.9425,,11/5/2019,20,20,,,,7,0,0,0,0,0,0,0,0,3,24,64,5,0,7,0,97,0,1,0,,208,30.76923077,11.53846154,0,2.403846154,7.211538462,50.48076923,7,Unacceptable,,,,,,,,,,,,,,,,,,,,,,,,,,,,,,,,,,,,,,,,,,,,,,,,,,,,,Fauquier,Crooked Run,10,38.94694,-77.93806,"2256 Winchester Road, Route 17; 50 meters downstream of driveway bridge. 2and 3/10th mile north of Delaplane.",10/25/2019,24,24,,,"Very low with drought conditions, but some rain in last week. Lot of leaf litter covering bottom of stream. 2 riffles with some flow. More lunged snails than usual",1,0,0,0,0,0,6,44,0,19,61,28,26,0,0,4,0,25,1,0,,215,36.27906977,28.37209302,11.62790698,12.09302326,12.55813953,12.55813953,8,Grayzone,,,,,,,,,,,,,,,,,,,,,,,,,,,,,,,,,,,,,,,,,,,,,,,,,,,,,Fairfax,Snakeden Branch,09-PL22-Sna-DR30,38.9289,-77.3397,,11/20/2019,90,90,,,,5,5,,,,,,6,2,,110,36,45,13,1,4,,2,,1,Mosquito Larvae,230,18.26086957,47.82608696,0.869565217,19.56521739,12.17391304,5.217391304,8,Grayzone,,,,,,,,,,,,,,,,,,,,,,,,,,,,,,,,,,,,,,,,,,,,,,,,,,,,,Rockbridge,Brattons Run,13-JU67-Bra-6,37.949,-79.5581,,11/21/2019,45,,,,Most organisms very small. More snails than usual,0,0,0,0,0,0,9,85,2,1,2,5,47,0,0,10,121,0,0,,,282,35.10638298,0.709219858,0,16.66666667,0.709219858,42.90780142,10,Acceptable,,,,,,,,,,,,,,,,,,,,,,,,,,,,,,,,,,,,,,,,,,,,,,,,,,,,,Fairfax,Sugarland Run Tributary,09-PL21-Sug-SLR4,38.9788,-77.3644,,11/20/2019,90,90,,,,8,31,,,,,,,11,4,84,47,2,16,,3,,,,,,206,22.81553398,40.77669903,0,0.970873786,32.03883495,18.93203883,6,Unacceptable,,,,,,,,,,,,,,,,,,,,,,,,,,,,,,,,,,,,,,,,,,,,,,,,,,,,,Fairfax,Pike Branch,15-PL26-Cam-Cameron Run-Cam1,38.792967,-77.083527,"In Jefferson Manor Park - 2909 Farmington Dr., Alexandria, VA. Stream site is next to Telegraph Road.",11/17/2019,90,90,90,90,,0,0,0,0,0,0,0,0,0,0,21,7,0,0,3,0,0,0,0,0,0,31,22.58064516,67.74193548,0,0,9.677419355,0,7,Unacceptable,,,,,,,,,,,,,,,,,,,,,,,,,,,,,,,,,,,,,,,,,,,,,,,,,,,,,Spotsylvania,LaRoque Run,1,38.332871,-77.612646,Intersects Spotswood Furnace Road near Pipe Dam Creek,11/20/2019,90,90,90,90,Less than 100 macros,28,0,0,2,0,0,24,20,0,0,8,16,0,20,0,0,0,0,0,0,0,118,50.84745763,6.779661017,0,0,40.6779661,25.42372881,8,Grayzone,,,,,,,,,,,,,,,,,,,,,,,,,,,,,,,,,,,,,,,,,,,,,,,,,,,,,Spotsylvania,Pipe Dam Run,1,38.332785,-77.611317,"Where Pipe Dam Run goes under the bridge on Spotswood Furnace Road, gravel portion of the road, across from old site of Spotswood Furnace.",11/20/2019,90,90,90,90,Under 200 macros,22,0,0,4,0,0,30,28,0,0,12,18,0,12,0,0,2,0,0,0,0,128,59.375,9.375,0,0,26.5625,21.875,8,Grayzone,,,,,,,,,,,,,,,,,,,,,,,,,,,,,,,,,,,,,,,,,,,,,,,,,,,,,Fairfax,Accotink Creek,19-PL30-Acc-ACC19,38.861245,-77.265736,In county parkland just downstream of Pickett Rd and the baseball fields in Fairfax City's Thaiss Park. Near the intersection of Mills Springs Drive and Santayana Drive,11/29/2019,25,,,,,6,34,,,,,,1,,,172,30,15,,,,,,1,,,259,11.96911197,66.40926641,0,5.791505792,15.83011583,15.83011583,6,Unacceptable,,,,,,,,,,,,,,,,,,,,,,,,,,,,,,,,,,,,,,,,,,,,,,,,,,,,,Alleghany,Jackson River,JKS3,37.87131,-79.96845,.6 miles south of National Forest Stream gauge at Smith Bridge in Falling Spring,11/11/2019,25,,,,,12,0,0,1,0,0,0,272,0,10,30,24,8,0,0,0,5,0,1,0,,363,81.54269972,8.26446281,0,2.203856749,3.581267218,5.23415978,10,Acceptable,,,,,,,,,,,,,,,,,,,,,,,,,,,,,,,,,,,,,,,,,,,,,,,,,,,,,Alleghany,Cowpasture River,13-JU36-Cow-Cowpasture - Upper Sharon,37.50567,-79.44156,,10/29/2019,20,20,,,,10,,,1,,,37,85,22,13,13,34,94,,,2,20,,,,,331,47.12990937,3.927492447,0,28.39879154,9.667673716,9.365558912,11,Acceptable,,,,,,,,,,,,,,,,,,,,,,,,,,,,,,,,,,,,,,,,,,,,,,,,,,,,,Alleghany,Cowpasture River,13-JU36-Cow-Cowpasture - Upper Sharon,37.50567,-79.44156,,10/29/2019,20,20,,,,10,,,1,,,37,85,22,13,13,34,94,,,2,20,,,,,331,47.12990937,3.927492447,0,28.39879154,9.667673716,9.365558912,11,Acceptable,,,,,,,,,,,,,,,,,,,,,,,,,,,,,,,,,,,,,,,,,,,,,,,,,,,,,Prince William,Cannon Branch,Cannon Branch-19-PL34_BR1,38.72596,-77.5095,Monitoring site is located about 250ft downstream from bridge. Access site is left on Harry J. Parrish Blvd. intersection with Wakeman Dr.; some 200ft  down the easement pass the manhole opposite to the Manassas Airport parking lot.,11/7/2019,20,,,,"8.02 PH
Phoshate 0.5
Nitrate 3

Other data not available for dissolved oxygen, turbidity, Ecoli, as waiting for supplies",1,,,1,,75,,30,12,,4,1,138,1,,1,,2,,,,266,11.65413534,1.503759398,0.751879699,51.87969925,34.21052632,29.69924812,7,Unacceptable,,,,,,,,,,,,,,,,,,,,,,,,,,,,,,,,,,,,,,,,,,,,,,,,,,,,,Fairfax,Sugarland Run,09-PL21-Sug-SLR2,38.9592,-77.3714,,11/2/2019,60,65,,,1 Minnow,,6,,,,,,,4,,225,54,,7,,5,,,,,,301,17.94019934,74.75083056,0,0,5.647840532,1.993355482,7,Unacceptable,,,,,,,,,,,,,,,,,,,,,,,,,,,,,,,,,,,,,,,,,,,,,,,,,,,,,Fairfax,The Glade,09-PL22-The-DR17,38.9228,-77.3454,,10/11/2019,90,90,90,90,Water level very low.,6,1,1,,,,,1,7,,50,11,,3,,9,7,3,,,,99,12.12121212,50.50505051,3.03030303,0,21.21212121,18.18181818,3,Unacceptable,,,,,,,,,,,,,,,,,,,,,,,,,,,,,,,,,,,,,,,,,,,,,,,,,,,,,Fairfax,Colvin Run,09-PL22-Col-DR28,38.957,-77.3334,,11/13/2019,30,90,90,90,,11,,,,,3,,,,,89,42,3,,1,4,,,5,,,158,26.58227848,56.32911392,0,1.898734177,12.65822785,12.02531646,6,Unacceptable,,,,,,,,,,,,,,,,,,,,,,,,,,,,,,,,,,,,,,,,,,,,,,,,,,,,,Fairfax,Pimmit Run,19-PL24-Pim-PIM7,38.923682,-77.171947,"Site is located along Pimmit Run in Kent Gardens Park. Site is accessible by a trail intersecting Old Chesterbrook Road and is located approximately 550ft down the trail to the South. The site is located in Fairfax County parkland, behind homes on either side of the park. Site is managed by the Ranniger Family, started fall 2019. 38.923682, -77.171947 ",12/7/2019,90,90,90,90,,36,2,0,0,0,0,0,0,0,0,142,53,2,16,1,1,0,0,0,1,fish,254,20.86614173,55.90551181,0,0.787401575,21.65354331,14.96062992,6,Unacceptable,,,,,,,,,,,,,,,,,,,,,,,,,,,,,,,,,,,,,,,,,,,,,,,,,,,,,Fairfax,Accotink Creek,ACC14,38.8046,-77.232,"Lake Accotink Park, downstream from the lake.  Park at visitor's center, walk down trail from main office to creek, just downstream to first good riffles.  Monitors: Friends of Accotink and Fairfax County Park Authority staff",12/21/2019,90,90,90,,,90,,3,,,,,,,3,25,18,,58,3,,,,,,,200,9,12.5,0,0,77,46.5,4,Unacceptable,,,,,,,,,,,,,,,,,,,,,,,,,,,,,,,,,,,,,,,,,,,,,,,,,,,,,Prince William,Broad Run,Broad Run-17-PL33-BR_DK1,38.75108,-77.55896,Site is located about 100feet down stream from pipeline under the sycamore tree/shaded area. This site downstream from where the Dawkins branch meets the Broad Run,8/3/2019,60,,,,,0,38,0,0,0,5,0,27,0,6,63,5,61,1,1,0,0,20,9,0,,236,13.55932203,26.69491525,8.474576271,25.84745763,31.3559322,30.50847458,5,Unacceptable,,,,,,,,,,,,,,,,,,,,,,,,,,,,,,,,,,,,,,,,,,,,,,,,,,,,,Roanoke,Mudlick Creek,11-RU14-Mud-MDL-4,37.242018,-80.008994,Garst Mill Park Greenway 100 ft. downstream of ford,9/21/2019,30,0,0,0,,2,,,,,,,,,,188,42,,13,,,,,,2,minnows,247,17.00404858,76.11336032,0,0,6.072874494,0.809716599,7,Unacceptable,,,,,,,,,,,,,,,,,,,,,,,,,,,,,,,,,,,,,,,,,,,,,,,,,,,,,Augusta,Middle River,12-PS01-Mid-FOMR-MDL ? Sweet,38.06619,-79.26566,,10/3/2019,20,,,,,5,,,4,143,,,27,,,60,,75,16,,1,,,,,,331,8.157099698,18.12688822,0,22.65861027,49.54682779,45.92145015,7,Unacceptable,,,,,,,,,,,,,,,,,,,,,,,,,,,,,,,,,,,,,,,,,,,,,,,,,,,,,Augusta,Middle River,12-PS07-Mid-FOMR-MDL 32.01 River Ridge,38.2229,-79.01085,,10/6/2019,20,,,,"began raining while we were sorting and counting
",1,,,,,,8,76,1,4,22,13,65,1,5,1,96,,8,,,301,32.22591362,7.3089701,0,21.59468439,5.315614618,34.88372093,10,Acceptable,,,,,,,,,,,,,,,,,,,,,,,,,,,,,,,,,,,,,,,,,,,,,,,,,,,,,Augusta,Middle River,12-PS11-Mid-FOMR-MDL 15.57 Dam Town,38.21893,-78.93209,,10/6/2019,20,20,,,,1,,,,,,7,28,,16,42,30,109,1,1,2,83,,,,,320,20.3125,13.125,0,34.0625,0.9375,26.25,9,Acceptable,,,,,,,,,,,,,,,,,,,,,,,,,,,,,,,,,,,,,,,,,,,,,,,,,,,,,Augusta,Middle River,12-PS07-Mid-FOMR-MDL ? Cline Lane,38.19062,-78.96989,,10/9/2019,20,,,,,,,,,,,3,33,,,31,14,87,4,,2,37,,3,,,214,23.36448598,14.48598131,0,40.65420561,3.271028037,18.69158879,10,Acceptable,,,,,,,,,,,,,,,,,,,,,,,,,,,,,,,,,,,,,,,,,,,,,,,,,,,,,Augusta,Middle River,12-PS03-Mid-FOMR-MDL 42.31 Shulman,38.23108,-79.09422,,10/4/2019,20,,,,,,,2,1,,,6,53,,,358,5,20,2,1,8,4,,,,,460,13.91304348,77.82608696,0,4.347826087,1.086956522,1.52173913,7,Unacceptable,,,,,,,,,,,,,,,,,,,,,,,,,,,,,,,,,,,,,,,,,,,,,,,,,,,,,Augusta,Middle River,12-PS01-Mid-FOMR-MDL ? Godfrey,38.15164,-79.20175,,10/4/2019,20,,,,,2,2,,3,,,,17,6,5,38,2,99,20,,1,,13,,,,208,9.134615385,18.26923077,6.25,47.59615385,20.67307692,9.615384615,7,Unacceptable,,,,,,,,,,,,,,,,,,,,,,,,,,,,,,,,,,,,,,,,,,,,,,,,,,,,,Augusta,Middle River,12-PS05-Mid-FOMR-MDL 46.09 Eastwood,38.218,-79.133,http://www.friendsofthemiddleriver.org/stream-monitoring/eastwood/,10/5/2019,20,,,,,,2,,1,,,5,30,,2,37,20,38,3,,2,227,,1,3,,371,14.82479784,9.973045822,0,10.2425876,1.617250674,62.26415094,8,Grayzone,,,,,,,,,,,,,,,,,,,,,,,,,,,,,,,,,,,,,,,,,,,,,,,,,,,,,Augusta,Middle River,Middle River-12PO01-FOMR-MDL ?Fuller,38.1961361,-79.1628611,,10/10/2019,20,,,,,,,,,,,36,94,,3,50,15,28,5,1,,13,,,,,245,59.18367347,20.40816327,0,11.42857143,2.448979592,5.306122449,11,Acceptable,,,,,,,,,,,,,,,,,,,,,,,,,,,,,,,,,,,,,,,,,,,,,,,,,,,,,Fauquier,Jordan River,R-17,38.761667,-78.0341667,dnst from 637 bridge,4/10/2019,30,,,,,,,,,,,33,128,,,5,13,10,,15,2,,,,,,206,84.46601942,2.427184466,0,4.854368932,7.281553398,0,11,Acceptable,,,,,,,,,,,,,,,,,,,,,,,,,,,,,,,,,,,,,,,,,,,,,,,,,,,,,Fauquier,Great Run (West),F-10,38.704167,-77.8380556,"About 0.7 mi up 682 (Black Snake Ln) from int. w/ 802, upst from bridge",7/3/2019,30,,,,,2,,,,,,,52,,15,240,40,22,10,,2,,,,,,383,24.02088773,62.66318538,0,5.744125326,3.133159269,0.522193211,8,Grayzone,,,,,,,,,,,,,,,,,,,,,,,,,,,,,,,,,,,,,,,,,,,,,,,,,,,,,Augusta,Middle River,12-PS02-Mid-FOMR-MDL ? Chittum,38.20763,-79.16526,,10/4/2019,20,12,,,,,,,,,,8,32,,2,127,10,9,39,,4,,,,,,231,21.64502165,54.97835498,0,3.896103896,16.88311688,0,8,Grayzone,,,,,,,,,,,,,,,,,,,,,,,,,,,,,,,,,,,,,,,,,,,,,,,,,,,,,Rockbridge,Mill Creek,Mill Creek at Equestrian Lane,37.7990021,-79.4089863,Mill Creek at Equestrian Lane,9/23/2019,20,20,0,0,,1,2,0,0,0,0,6,41,0,0,7,125,34,2,0,5,0,0,0,0,0,223,77.13004484,3.139013453,0,15.24663677,2.242152466,1.34529148,12,Acceptable,,,,,,,,,,,,,,,,,,,,,,,,,,,,,,,,,,,,,,,,,,,,,,,,,,,,,
