RCAStationID,SiteName,Locality,GeneralLocation,SiteDescription,LAT,LON,SampleDate,ASCIScore,VaSOSScore,SampleID,Total,<>,Aeshnidae,Ameletidae,Ancylidae,Apataniidae,Asellidae,Athericidae,Baetidae,Baetiscidae,Blephariceridae,Brachycentridae,Branchiobdellidae,Caenidae,Calamoceratidae,Calopterygidae,Cambaridae,Capniidae,Ceratopogonidae,Chaoboridae,Chironomidae,Chloroperlidae,Coenagrionidae,Corbiculidae,Cordulegastridae,Corduliidae,Corydalidae,Crangonyctidae,Curculionidae,Dixidae,Dryopidae,Dytiscidae,Elmidae,Empididae,Ephemerellidae,Ephemeridae,Ephydridae,Gammaridae,Gerridae,Glossosomatidae,Goeridae,Gomphidae,Gyrinidae,Haliplidae,Helicopsychidae,Heptageniidae,Hirudinidae,Hydrachnidae,Hydrobiidae,Hydrophilidae,Hydropsychidae,Hydroptilidae,Isonychiidae,Lepidostomatidae,Leptoceridae,Leptohyphidae,Leptophlebiidae,Lestidae,Leuctridae,Libellulidae,Libellulidae/Corduliidae,Limnephilidae,Lumbricidae,Lumbriculidae,Lymnaeidae,Macromiidae,Naididae,Nemouridae,Odontoceridae,Oligochaeta,Palaemonidae,Peltoperlidae,Perlidae,Perlodidae,Philopotamidae,Phryganeidae,Physidae,Planariidae,Planorbidae,Pleuroceridae,Polycentropodidae,Psephenidae,Psychodidae,Psychomyiidae,Pteronarcyidae,Ptilodactylidae,Ptychopteridae,Pyralidae,Rhyacophilidae,Sciomyzidae,Sialidae,Simuliidae,Siphlonuridae,Sphaeriidae,Stratiomyidae,Tabanidae,Taeniopterygidae,Talitridae,Tanyderidae,Tipulidae,Tricorythidae,Tubificidae,Uenoidae,unionidae,Unknown organism,Unresolved beetles,Unresolved caddisflies,Unresolved clams,Unresolved dragon and damselflies,Unresolved flatworms,Unresolved gilled snails,Unresolved lunged snails,Unresolved mayflies,Unresolved scuds,Unresolved stoneflies,Unresolved true flies,Unresolved worms,Veliidae,Viviparidae,Replicate,OrgID,CoarseStreamWidth,EstRiffleDepth_in,CoarseFlowEst,WeatherLast72Hrs,TempCelsius,Comments
BAG01,Ballinger Creek downstream of 625,Fluvanna,"VSH 625, riffle 40 yards downstream of old VDOT access road","riffles beginning ~50 m downstream of 625 crossing, downstream of tributary entering from left",37.85246,-78.238685,11/7/2019,70.7,12,BAG01-20191107-1,482,,,,,,,,,,,,,,,,,,,,14,,2,3,,,5,,,,,1,95,,8,,,,,,,,,,,47,,,,,62,,9,,,,,,,,,,,,,,,,,2,,,,,212,,,1,,5,,,,,,,,,1,,,4,,,,,7,,,4,,,,,,,,,,,,,,,,,,,,1,RCA,15,6,normal,"clear, no rain",8.9,Net 1 mini; nets 2-4 full
BAG01,Ballinger Creek downstream of 625,Fluvanna,"VSH 625, riffle 40 yards downstream of old VDOT access road","riffles beginning ~50 m downstream of 625 crossing, downstream of tributary entering from left",37.85246,-78.238685,11/7/2019,74.64,12,BAG01-20191107-2,274,,,,,,,,,,,,,2,,,,2,4,,10,,3,4,,,3,,,,,,106,,1,,,,,,,1,,,,23,,,,,22,,8,,,,,,,,,,,,,,,,,7,,,,,45,,,1,,,,3,,,,,,,,,,3,,,,,23,,,3,,,,,,,,,,,,,,,,,,,,2,RCA,12,6,normal,"clear, no rain",8.9,Nets 2 & 3 Full
BKI01,Buck Island Creek @ 729,Albemarle,"Northeast side of VSH 729 overcrossing.  Take Rt 250 east from Pantops for about 3.5 miles to 729, turn right, follow 729 past the intersection with Rt 53 to where it crosses Buck Island Creek riffle ds of overcrossing",riffles extending to 200 m downstream of bridge,37.955243,-78.403595,11/9/2019,72.16,10,BKI01-20191109-1,269,,,,,,,,,,,,,,,,,,,,3,,1,2,,,11,,,,1,,44,,1,,,,,,,1,,,,16,,,,,7,,1,,,,,,,,,,,,,,,,,1,,,2,,69,,,,,96,,,,,,,,,,,,5,,,,,2,,,6,,,,,,,,,,,,,,,,,,,,1,RCA,25,4,normal,"clear no rain, highs 43,64,61 F; lows 39,44,33",5.1,All nets mini.
BKI01,Buck Island Creek @ 729,Albemarle,"Northeast side of VSH 729 overcrossing.  Take Rt 250 east from Pantops for about 3.5 miles to 729, turn right, follow 729 past the intersection with Rt 53 to where it crosses Buck Island Creek riffle ds of overcrossing",riffles extending to 200 m downstream of bridge,37.955243,-78.403595,11/9/2019,75.8,8,BKI01-20191109-2,220,,,,2,,,,,,,,,,,,,,,,8,,,2,,,4,,,,,,56,,1,,,,,,,,,,,19,,,29,,7,,1,,,,1,,,,,,,,,,,,,2,,,1,,26,,,,1,23,,,,,,,,,,,,6,,1,,,13,,,17,,,,,,,,,,,,,,,,,,,,2,RCA,25,4,normal,"clear, no rain, highs 43,64,61F; lows 39,44,33F",4.9,All nets mini.
BKM01,Buck Mountain Creek @ 665 - A,Albemarle,VSH 665,Riffles approx 300 yards downstream of 665,38.1533,-78.5401,11/12/2019,65,10,BKM01-20191112-1,229,,,,,,,,,,,,,,,,,,,,25,,,19,,,8,,,,,,82,1,10,,,,,1,,1,,,,17,,,,,40,,,,,,,,,,,,,,,,,,,1,,,1,,9,,,,,3,,5,,,,,,,,,,1,,,,,2,,,2,,,1,,,,,,,,,,,,,,,,,1,RCA,20,7,normal,"slight rain in morning (0.03in), otherwise clear and dry",8.3,Both nets mini
BKU03,Buck Mountain Creek upper west of  666 - A,Albemarle,"off VSH 666 below low bridge on private road leading to Joy and George Matthews property, riffles downstream of low concrete private bridge",riffles downstream of low concrete private bridge,38.180913,-78.533573,3/30/2019,64.22,10,BKU03-20190530-1,229,,,,,,,,,1,,3,,,,,,,,,49,,,,,,,,,,,,13,1,43,,,,,,,2,,,,17,,,,,50,,1,,,,,,1,,,,,,,,,6,,,,,4,3,3,,,,,,,1,,,,,,,,,,,,,,,,,,31,,,,,,,,,,,,,,,,,,,,1,RCA,28,10,normal,sunny and dry,8.3,Net 1 mini; all others full
BRN01,Burnley Branch @ Burnley Station Road,Albemarle,just downstream from Burnley Branch Road,immediately downstream from Burnley Branch Road,38.1674,-78.3385,5/31/2019,50.89,8,BRN01-20190531-1,227,,,,,,,,2,,,,,,,,1,,2,,57,,,,,,1,,,,,,21,,8,,,,,2,,1,,,,5,,,,,100,,2,,,,,,2,,,,,,,,,,,,,,8,,3,,,,,,,3,,,,,,,,,,,,,,,,,,9,,,,,,,,,,,,,,,,,,,,1,RCA,20,6,normal,0.29 in rain on 5/27 otherwise clear and no rain 5/28-5/31,18.2,A little smell but can't quite tell what it is; not sewage smell.
BVE01,Beaverdam Creek East Prong upstream of 600,Louisa,,Riffles are approx 50 m upstream from 600.  See Healthy Waters spreadsheet for landowner contact info.,38.01457,-78.2693,4/17/2019,42.85,,BVE01-20190417-1,187,,,,,,,,33,,,,,,,,1,,,,96,,,,,,,,,,,,5,,1,,,,,,,,,,,1,,,,,21,,,,,,,,,,,,,,,,,5,,4,,,10,1,,,,,,,,,,,,,,,,,,9,,,,,,,,,,,,,,,,,,,,,,,,,,,,1,RCA,10,6,normal,clear,17,"Net 1 mini, nets 2,3,&4 full"
BVE01,Beaverdam Creek East Prong upstream of 600,Louisa,,Riffles are approx 50 m upstream from 600.  See Healthy Waters spreadsheet for landowner contact info.,38.01457,-78.2693,11/8/2019,68.83,12,BVE01-20191108-1,208,,,,,,1,,,,,1,,,,,2,,,,10,,,,,,3,,,,8,,17,,,,,,,,,1,,,,32,,,,,33,,,,,,,,,,,,,,,,,,,2,,,6,,71,,,1,,,,2,,,,,,,,,,1,,,,,,,,17,,,,,,,,,,,,,,,,,,,,1,RCA,6,2,normal,clear & dry,9.5,Net 1 mini; nets 2 & 3 full
CDB01,Fluvanna County reference stream #1,Fluvanna,,,,,3/30/2019,,,CDB01-20190330-1,62,,,,,,,,,,,,,,,,2,,,,16,4,,,,,,,,,,,,,13,,,,,,,,,,,2,1,,,,2,,,,,,,,,,,,,,,,,11,,2,,,4,,,,,,,,,1,,,,,,,,,,,,,,,,,,1,,,,,,,,,,,,,,,3,,,,,1,RCA,10,1.5,normal,clear,13.5,"Net 1 mini; nets 2 and 3 full. Invalid sample, only 62 bugs. Volunteer recorded ""winter stoneflies"" on fieldsheet, recorded as ""unresolved stoneflies"" in database."
CDB01,Fluvanna County reference stream #1,Fluvanna,,,,,11/11/2019,74.14,10,CDB01-20191111-1,203,,,,,,,,1,4,,,,,2,1,4,,12,,5,1,,,1,,1,,,,1,,2,1,,,,,,,,1,,,,31,,,,,25,,,,,,21,,,,,,,,,,,,,15,,,5,,17,,,,,,5,6,,,,,,,,,,,,,,2,,,,39,,,,,,,,,,,,,,,,,,,,1,RCA,10,3,normal,no rain,9.1,Net 1 mini; nets 2-5 full
CNM07,Cunningham Creek Middle Fork upstream of  Bell Farms Ln,Fluvanna,well upstream of Bell Farms Lane --- near footbridge at/beyond upstream end of field adjacent to stream left,,37.86447,-78.34239,4/17/2019,57.16,10,CNM07-20190417-1,218,,,,,,,,9,1,,,,,,,,,4,,72,11,,,,,,,,,,,2,,62,,,,,,,2,,,,,,,,,5,,,,,,,,,,,,,,,,,2,,3,,,1,14,,,,,,,,,,,,,,,4,,,6,,,,,,,,20,,,,,,,,,,,,,,,,,,,,1,RCA,15,6,normal,Clear,11.9,"Nets 1,3 & 4 were Mini; Net 2 was full"
CRL01,Carroll Creek in Glenmore,Albemarle,access road to Glenmore pocket plant,riffle downstream of Carroll Creek Road,37.9787,-78.3781,4/9/2019,14.38,6,CRL01-20190409-1,203,,,,,,,,,,,,,,,,,,,,192,,,,,,,,,,,,,,,,,,,,,,,,,,,,,,4,,,,,,,,,,,,,,,,,3,,1,,,,,,,,,,,,,,,,,,,,,,3,,,,,,,,,,,,,,,,,,,,,,,,,,,,1,RCA,10,5,normal,".04in rain on 4/8, otherwise clear & partly sunny",15.8,Net 1 mini; net 2 full
CRL01,Carroll Creek in Glenmore,Albemarle,access road to Glenmore pocket plant,riffle downstream of Carroll Creek Road,37.9787,-78.3781,11/14/2019,46.93,,CRL01-20191114-1,169,,,,,,2,,,,,,,,,,,14,,,23,,2,,,,,,,,,,6,,,,,,,,,,,,,,,,,,25,,,,,,,,,,,,,,,,,,,32,,,,,3,,,33,,,,3,,,,,,,,,,,,,,,5,,,21,,,,,,,,,,,,,,,,,,,,1,RCA,5,4,normal,"clear, no rain, cold, cloudy",3.1,"Net 1 mini; nets 2-5 full; Much effort, lack of bugs"
CXB02,Cunningham Creek @ 15,Fluvanna,"VSH 15, 0.5 mi south of Palmyra",riffle approx 100 yds downstream of VSH 15 overcrossing at old mill,37.85284688,-78.26996858,5/18/2019,62.03,10,CXB02-20190518-1,289,,,,,,,,12,,,,,,,,,,,,40,8,,,,,,,,,,,6,,9,,,,,,,1,,,,39,,,,,41,,1,,,,,,1,,,,,,,,,,,1,,,21,3,,,,,,,,1,,,,,,,,,,86,,,,,,,,19,,,,,,,,,,,,,,,,,,,,1,RCA,30,8,normal,Heavy rain,19,"Net 1 mini, nets 2-5 full"
CXB02,Cunningham Creek @ 15,Fluvanna,"VSH 15, 0.5 mi south of Palmyra",riffle approx 100 yds downstream of VSH 15 overcrossing at old mill,37.85284688,-78.26996858,10/11/2019,76.41,11,CXB02-20191011-1,213,,,,,,,,,1,,,,1,,,,,,,7,,,2,,,8,,,,,,19,,,,,,,,,5,,,,32,,,,,27,,,,,,9,,,,,,,,,,,,,2,,,6,,50,,,,,18,1,17,,,,,,,,,,,,,,,,,,8,,,,,,,,,,,,,,,,,,,,1,RCA,25,6,low,"clear, warm",14.44,"Net 1 mini, nets 2-4 full"
CYC01,Carys Creek @ 15,Fluvanna,,riffle immediately upstream of VSH 15 overcrossing,37.7984,-78.2399,4/30/2019,47.48,7,CYC01-20190430-1,460,,,,,,,,103,,,,,,,,,,,,110,,,1,,,,,,,,,,,7,,,,,,,,,,,,,,,,,,6,,,,1,,,,,,,,,,,11,,,,,13,2,3,,,,,,,,,,,,,,,,,202,,,,,,,,1,,,,,,,,,,,,,,,,,,,,1,RCA,25,7,normal,"clear, no rain",13,Net 1 full. Started with 4 second full net due to lack of bugs in fall 2018. Noticed significant blooms of iron depositing bacterina immediately downstream of biomonitoring riffles (underneath bridge on Rt. 15)
CYC01,Carys Creek @ 15,Fluvanna,,riffle immediately upstream of VSH 15 overcrossing,37.7984,-78.2399,11/10/2019,65.17,10,CYC01-20191110-1,216,4,1,,1,,,,,,,,,2,,,,26,,,52,,,4,,,9,,,,4,,19,,2,,,,,,,1,,,,2,,,,,7,,,,,,,,,,,,,,,,,,,4,,,,,1,,1,2,,,,7,,,,,,,,,,,,,,,59,,,8,,,,,,,,,,,,,,,,,,,,1,RCA,15,6,normal,"clear, no rain",3.7,"Net 1 mini, nets 2-5 full"
DOU02,Doyles River upper @ National Park Boundary,Albemarle,,riffles adjacent to Shenandoah Nat'l Prak boundary marker,,,5/3/2019,76.68,10,DOU02-20190503-1,300,,,,,,,,39,,5,,,,,,,,,,27,3,,,,,,,,,,,2,,66,,,,,,,,,,,128,,,,,7,,,,,,,,5,,,,,,,,,,,2,,1,6,2,,,,,,,,2,,,4,,,,,,,,,,,,,,,,,,1,,,,,,,,,,,,,,,,,1,RCA,20,5,normal,"Storms in area but not much evidence here.  Partly cloudy and clear, no rain on property, 70s and 80s.",13.9,Both nets mini
DOU02,Doyles River upper @ National Park Boundary,Albemarle,,riffles adjacent to Shenandoah Nat'l Prak boundary marker,,,10/3/2019,75.47,,DOU02-20191003-1,190,,,,,,,,4,,,,,1,,,2,,1,,4,4,,,,,3,,,,,,5,,,,,,,,,,,,,21,,,,,55,,9,,,,29,,4,,,,,,,,,,,5,,,13,,3,,,,,,,5,,,1,,,,12,,,,,,,,,,,9,,,,,,,,,,,,,,,,,,,,1,RCA,6,2,low,"clear, no rain",19.4,ran out of adequate riffle areas/depth - low water
DOY01,Doyles River @ 674,Albemarle,VSH 674,riffles down and upstream of overcrossing,38.13538727,-78.6616768,4/24/2019,73.63,12,DOY01-20190424-1,238,,,,,,,,4,,,,,,,,,,10,,15,7,,,,,,,,,,,22,,100,,,,,,,,,,,28,,,2,,3,,4,,,,,,,,,,,,,,,1,,2,,,2,2,3,,,,,,,2,,,,,,,,,,20,,,,,,,,10,,,1,,,,,,,,,,,,,,,,,1,RCA,30,6,normal,"dry, warm",14,All nets mini
FSH03,Fishing Creek west of Willwood Dr-B,Albemarle,about 400 feet us from retired site FSH02,,38.13535,-78.51955,5/6/2019,33.58,4,FSH03-20190506-1,364,,,,,,,,11,,,,,,,,,,1,,114,,,179,,,,,,,,,2,,,,,,,,,1,1,,,20,,,,,9,,,,1,,,,,,,,,,,,,,,,,,,,,,,,,,,2,,,,,,,,,,12,,,,,,,,11,,,,,,,,,,,,,,,,,,,,1,RCA,15,4,normal,rain in past 24 hours,21.2,Both nets mini
FSH03,Fishing Creek west of Willwood Dr-B,Albemarle,about 400 feet us from retired site FSH02,,38.13535,-78.51955,10/4/2019,57.19,8,FSH03-20191004-1,219,,,,,,,,24,,,,,,,,,,,,13,,,69,,,2,,,,,,5,,,,,,,,,2,,,,87,,,,,6,,2,,,,,,,,,,,,,,,,,,,,,,,,,,,,,2,,,,,,,,,,,,,,,,,,7,,,,,,,,,,,,,,,,,,,,1,RCA,10,2,normal,very hot and dry,22.2,All nets mini
IVC01,Ivy Creek @ 601,Albemarle,RT. 601 BRIDGE (ALBEMARLE COUNTY),riffles us of Rt 601 bridge,38.074244,-78.531851,4/29/2019,50.83,,IVC01-20190429-1,195,,,,,,,,23,,,,,,,,,,,,73,,,,,,1,,,,,,2,1,7,,,,,3,,,,,,2,,,,,31,,2,,,,,,,,,,,,,,,1,,9,,,5,,4,,,,,,,,,,,,,,,,,30,,,,,,,,1,,,,,,,,,,,,,,,,,,,,1,RCA,40,5,high,clear; 60-70's,14.41,Both nets mini
IVC01,Ivy Creek @ 601,Albemarle,RT. 601 BRIDGE (ALBEMARLE COUNTY),riffles us of Rt 601 bridge,38.074244,-78.531851,10/26/2019,45.58,7,IVC01-20191026-1,332,,,,,,,,2,,,,,,,,,,,,7,,,1,,,4,,,,,,18,,1,,,,,,,1,,,,36,,,,,237,,,,,,,,,,,,,,,,,,,,,,,,20,,1,,,,,2,,,,,,,,,,,,,,,,,,2,,,,,,,,,,,,,,,,,,,,1,RCA,30,3,normal,"cloudy, high 60s. Sample collected 6 days after large rain event (10/20/19; 2 inches)",12.89,"Beaver dam - broken, about 50 yds upstream from sample."
IVC09,Ivy Creek in Rosemont,Albemarle,Near 3325 Rosedell Ln.,Riffles are 30-70 yards upstream from road crossing.,38.02859,-78.61441,4/17/2019,45.22,9,IVC09-20190417-1,334,,,,,,,,1,,,,,,,,,,,,204,2,,,,,,,,,,,19,1,9,,,,,,,7,,,,,,,,,10,,,,,,,,,,,,,,,,,42,,1,,,1,3,1,,,,,,,4,,,,2,,,,,,2,,,,,,,,25,,,,,,,,,,,,,,,,,,,,1,RCA,4,4,normal,clear,17.6,All nets mini
IVC09,Ivy Creek in Rosemont,Albemarle,Near 3325 Rosedell Ln.,Riffles are 30-70 yards upstream from road crossing.,38.02859,-78.61441,10/21/2019,44.06,8,IVC09-20191021-1,246,,,,,,,,,,,,,,,,,,3,,8,,,,,,,,,,,,25,,2,,,,,,1,2,,,,,,,,,159,,,,,,1,,,,,,,,,,,,,1,,,,,2,,,,,,,27,,,,,,,,,,1,,,,,,,,13,,,,,,1,,,,,,,,,,,,,,1,RCA,5,4,normal,Rain last 24 hrs 1.5 in,13.6,small but consistant riffles
IVC09,Ivy Creek in Rosemont,Albemarle,Near 3325 Rosedell Ln.,Riffles are 30-70 yards upstream from road crossing.,38.02859,-78.61441,12/6/2019,73.03,11,IVC09-20191206-1,210,,,,3,,,,,,,,,,,,,20,,,52,,,,,,,,,,,,26,,26,,,,,9,,1,,,,10,,,,,16,,,,,,,,,,,,,,,,,2,,1,,,2,2,,,,2,,,,9,,,,1,,,,,,7,,,,,2,,,10,,,9,,,,,,,,,,,,,,,,,1,RCA,5,3,normal,"clear, no rain",5.8,All nets mini.
LCH01,Lynch River @ 603,Albemarle,"VSH 603, northwestern Albemarle Co",riffle immediately ds of VSH 603 overcrossing,38.2248196,-78.52065763,3/30/2019,58.18,10,LCH01-20190330-1,312,,,,,,,,1,,2,,,,,,,,,,78,,,,,,2,,,,,,,4,117,,,,,,,,,,,23,,,,,28,,1,,,,,,,,,,,,,,,7,,,,,1,2,1,,,,,2,,1,,,,,,,,,,40,,,,,,,,2,,,,,,,,,,,,,,,,,,,,1,RCA,12,10,high/normal,"No rain, temps slightly low (low 26-46 F, High 56-74 F)",7.6,Both nets mini
LKN01,Lickinghole Creek south of Fairwinds Lane,Albemarle,Fairwinds Lane in Western Ridge subdivision,"riffles upstream of stream's sharp turn, approx 400 meters upstream of stormwater basin, adjacent to field below Fairwinds Lane, upstream of tributary",38.060498,-78.67249,4/28/2019,51.39,9,LKN01-20190428-1,246,,,,,,,,13,,,,,,,,,,,,77,,,,,,,,,,,,,,72,,,,,,,,,,,9,,,,,8,,2,,,,,,3,,,,,,,,,,,1,,,2,,3,,,,,,,1,,,,,,,,,,54,,,,,,,,1,,,,,,,,,,,,,,,,,,,,1,RCA,8,5,high/normal,a little rain yesterday,13.6,All nets mini. Creek has undergone a lot of erosion of far bank. A channel has been formed that makes the creek flow very fast
LSD01,Long Island Creek @ 601,Fluvanna,VSH 601,riffles 50 - 250 yards upstream of VSH 601 overcrossing,,,4/11/2019,36.48,4,LSD01-20190411-1,277,,,,,,,,,,,,,,,,,,,,144,4,,,,,,,,,,,1,,16,,,,,,,1,,,,5,,,,,2,,,,,,1,,,,,,,,,,,6,,89,,,1,1,,,,,,,,,,,,,,,,,,5,,,,,,,,1,,,,,,,,,,,,,,,,,,,,1,RCA,15,4,normal,"clear, no rain",11.7,All nets mini
LSD01,Long Island Creek @ 601,Fluvanna,VSH 601,riffles 50 - 250 yards upstream of VSH 601 overcrossing,,,11/22/2019,68.75,8,LSD01-20191122-1,306,,,,,,,,,,,,,,,,1,1,,,10,,,,,,,,,,1,,,,10,,,,,,,2,,,,43,,,,,70,,1,,,,1,,,,,,,,,,,,,,,,,,109,,,34,,,,,,,,,,,7,,,,,1,,,12,,,3,,,,,,,,,,,,,,,,,,,,1,RCA,6,4,normal,.08 in rain in morning; otherwise clear and no rain,7.6,"normal flow, no turbidity"
MCK02,Mechunk Creek @ 759,Fluvanna,VSH 759,"VSH 759, riffle 25 yds downstream of overcrossing",37.988149,-78.313398,3/20/2019,64.33,10,MCK02-20190320-1,218,,,,,,,,4,,,,,,,,,,,,11,,,,,,,,,,,,9,,3,,,,,,,,,,,15,,,,,12,,7,,,,,,,,,,,,,,,22,,2,,,1,19,6,,,,,1,,,,,,,,,,,,98,,,,,8,,,,,,,,,,,,,,,,,,,,,,,1,RCA,20,7,normal,clear/partly cloudy; 40s & 50s; no rain,5.3,Net 1 mini; nets 2 & 3 Full
MCM04,Mechums River @ 601,Albemarle,Rt. 601,"riffles immediately ds of bridge, adjacent to yard on Wells property",38.129837,-78.549135,5/9/2019,56.61,10,MCM04-20190509-1,221,,,,,,,,20,,,,,,,,,,,,15,,,,,,5,,,,,,14,,2,,,,,,,,,,,1,,,,,37,,1,,,,,,,,,,,,,,,,,1,,,44,,2,,,,,,,,,,,,,,,,,74,,,,,,,,5,,,,,,,,,,,,,,,,,,,,1,RCA,60,12,normal,"Rain last 24 hours, overnight.
Ambient 24.4C, Partly cloudy",20,All nets mni. Riffles accentuated possibly due to more cobble.
MCM04,Mechums River @ 601,Albemarle,Rt. 601,"riffles immediately ds of bridge, adjacent to yard on Wells property",38.129837,-78.549135,10/5/2019,54.24,9,MCM04-20191005-1,301,,,,,,,,23,,,,,,,,,,,,18,,,1,,,2,,,,,,47,,1,,,,,,,,,,,3,,,,,157,,5,,,,,,,,,,,,,,,,,3,,,6,,30,,,,,,,,,,1,,,,,,,4,,,,,,,,,,,,,,,,,,,,,,,,,,,,1,RCA,60,9,low,"clear, no rain; avg temps high 50's - low 80's",18.8,Net 1 mini.
MCM11,Mechums River @ 692 - B,Albemarle,Riffles downstream of bridge,,38.00139,-78.72749,5/10/2019,56.44,9,MCM11-20190510-1,260,,,,,,,,59,,,,,,,,,,2,,74,,,,,,1,,,,,,,,8,,,,,1,,,,,,2,,,,,2,,3,,,,,,,,,,,,,,,,,,,,22,1,11,,,,,,,,,,,,,,1,,,73,,,,,,,,,,,,,,,,,,,,,,,,,,,,1,RCA,10,6,normal,little rain (0.04 in on 5/8 and 0.07 in on 5/9),17.4,"All nets mini; dropped petri dish in lab, likely lost a few organisms"
MCM11,Mechums River @ 692 - B,Albemarle,Riffles downstream of bridge,,38.00139,-78.72749,5/10/2019,47.56,7,MCM11-20190510-2,233,,1,,,,,,33,,,,,,,,,,,,91,,,,,,,,,,,,3,,6,,,,,,,,,,,2,,,,,2,,2,,,,,,1,,,,,,,,,,,2,,,21,,1,,,,,,,,,,,,,,,,,64,,,,,,,,4,,,,,,,,,,,,,,,,,,,,2,RCA,10,6,normal,light rain (0.04 in on 5/8 and 0.07 in on 5/9),17.4,all nets mini
MCM11,Mechums River @ 692 - B,Albemarle,Riffles downstream of bridge,,38.00139,-78.72749,10/13/2019,52.22,7,MCM11-20191013-1,389,,1,,,,,,6,,,,,,,,,,,,15,,,,,,8,,,,,,7,2,,,,,,,,,,,,73,1,,,,212,,2,,,,,,,,,,,,,,,,,10,,,,3,8,,,,,,,3,,,,,,,,,,10,,,,,,,14,14,,,,,,,,,,,,,,,,,,,,1,RCA,8,3,low,dry,14.3,All nets mini.
MCV01,Mechunk Creek upper @ 600,Albemarle,d.s. Co. Rt. 600 bridge near Campbell,riffles downstream of bridge,38.03359701,-78.30496544,4/18/2019,59.21,8,MCV01-20190418-1,474,,,,,,1,,1,,,,,,,,,,,,119,,,1,,,,,,,,,8,,25,,,,,,,,,,,23,,,,,118,,16,,,,,,,,,,,,,,,56,,25,,,10,5,33,,,,,1,,,,,,,,,,,,32,,,,,,,,,,,,,,,,,,,,,,,,,,,,1,RCA,20,4,normal,"No rain, clear skies, 70's & 80's",14.1,"net 1 mini, net 2 full. Flow rate and depth a little faster than fall 2018"
MCV01,Mechunk Creek upper @ 600,Albemarle,d.s. Co. Rt. 600 bridge near Campbell,riffles downstream of bridge,38.03359701,-78.30496544,11/11/2019,68.09,10,MCV01-20191111-1,268,,,,,,,,,,,,,,,,,,,,,,,3,,,3,,,,,,60,,,,,,,,,,,,,39,,,,,40,,16,,,,,,,,,,,,,,,,,16,,,,,23,,,2,,46,,,,,,,,,,,,7,,,,,12,,,1,,,,,,,,,,,,,,,,,,,,1,RCA,16,6,normal,"clear, no rain",6.9,All nets mini.
MCV01,Mechunk Creek upper @ 600,Albemarle,d.s. Co. Rt. 600 bridge near Campbell,riffles downstream of bridge,38.03359701,-78.30496544,11/11/2019,71.87,11,MCV01-20191111-2,356,,,,,,,,,,,,,,,,1,,,,4,,1,3,,,5,,,,,,71,,1,,,,,,,,,,,35,,,,,63,,6,,,,,,,,,,,,,,,,,11,,,,,100,,,2,,32,,,,,13,,,,,,,7,,1,,,,,,,,,,,,,,,,,,,,,,,,,,2,RCA,15,6,normal,"clear, no rain",6.9,All nets mini.
MRN03,Moormans River @ 601,Albemarle,VSH 601,rifflle approximately 20 yds upstream of overcrossing,38.1410562,-78.55554127,4/30/2019,68.04,11,MRN03-20190430-1,264,,,,,,,,5,,,9,,,,,,,,,33,,,,,,5,,,,,,85,,37,,,,,,,1,,,,18,,,,,25,,1,,5,,,,,,,,,,,,,,,,,,8,,1,,,,,,,6,,,,,,,,,,22,,,,,,,,3,,,,,,,,,,,,,,,,,,,,1,RCA,71,10,high,light rain 48 hours ago,14,All nets mini.
MRY01,Morey Creek south of Bellair,Albemarle,Heyward property south of Bellair subdivision,riffles adjacent to road in stream reach immediately ds of ford,38.03155818,-78.53671483,5/8/2019,33.47,5,MRY01-20190508-1,301,,,,,,,,10,,,,,,,,,,,,51,,,38,,,,1,,,,,5,,,,,,,,,1,,,,3,,,,,174,,,,,,,,,,,,,,,,,,,2,,,,,,,,2,,,,,,,,,,,,,,,,,,,,,,14,,,,,,,,,,,,,,,,,,,,1,RCA,20,4,normal,Short thunderstorm in evening before sample. Sunny 70F,18.7,Both nets mini
MRY01,Morey Creek south of Bellair,Albemarle,Heyward property south of Bellair subdivision,riffles adjacent to road in stream reach immediately ds of ford,38.03155818,-78.53671483,5/8/2019,33.58,6,MRY01-20190508-2,605,,,,,,,,38,,,,,,,,,,,,80,,,4,,,,,,,1,,3,,3,,,,,,,,,,,,,,,,425,,,,,,,,,,,,,,,,,,,,,,,,6,,,,,,,,,,,,,,,,,43,,,,,,,,2,,,,,,,,,,,,,,,,,,,,2,RCA,20,4,normal,"brief thunderstorn day prior. Warm 70F, sunny",18.7,"Both nets mini.
First net yielded about 40 critters.  Second net yielded about 550.  The 2 samples were taken fairly close together."
MRY01,Morey Creek south of Bellair,Albemarle,Heyward property south of Bellair subdivision,riffles adjacent to road in stream reach immediately ds of ford,38.03155818,-78.53671483,11/17/2019,52.8,7,MRY01-20191117-1,234,,,,,,,,,,,,,,,,,,,,7,,,58,,,,2,,,2,,92,,,,,,,,,1,,,,27,,,,,23,,,,,,,,,,,,,,,,,,,11,,,,,2,,1,,,,,,,,,,,,,,,4,,,,,,,,4,,,,,,,,,,,,,,,,,,,,1,RCA,30,4,normal,"no rain, mostly clear, lows of 23/31/34F; highs of 44/55/45F",5.4,Net 1 mini; nets 2-6 full
MSC04,Moores Creek near Woolen Mills,Charlottesville,"Thach property, accessible from termination of Market Street in Woolen Mills a","riffle approx 1/4 mi upstream from mouth, approx across from upstream-most buildings in complex",38.0185,-78.4566,5/2/2019,32.18,6,MSC04-20190502-1,202,,,,,,,,10,,,,,,,,,,,,110,,,,,,,,,,,,1,1,1,,,,,,,,,,,2,,,,,2,,,,,,,,,,,,,,,,,,,2,,,,,7,,,,,,,1,,,,1,,,,,,63,,,,,,,,1,,,,,,,,,,,,,,,,,,,,1,RCA,32,12,normal,"Clear skys, mid 70s",,"Both nets full. No temp readings, lost thermometer in the stream.  Site is now an active construction site. Had to step over silt fences to access site."
MSC04,Moores Creek near Woolen Mills,Charlottesville,"Thach property, accessible from termination of Market Street in Woolen Mills a","riffle approx 1/4 mi upstream from mouth, approx across from upstream-most buildings in complex",38.0185,-78.4566,11/13/2019,46.08,6,MSC04-20191113-1,228,,,,,,,,,,,,,,,,1,,,,5,,,4,,,,,,,,,44,,,,,,,,,,,,,2,,,,,83,,,,,,,,,,,,,,,,,,,29,,,,,4,,,42,,,,3,,,,,,,4,,,4,,,,,,,,3,,,,,,,,,,,,,,,,,,,,1,RCA,25,7,normal,slight rain yesterday morning (.03in) otherwise dry and cold (30s),11.1,Nets 1 and 3 mini; Net 2 full
MSH01,Marsh Run upstream of 641,Albemarle,,"Park at Advance Mills, riffles are approx 100 m upstream of 641 (Frays Mill Road).See Healthy Waters spreadsheet for landowner contact info.",38.18343,-78.43867,11/12/2019,65.74,10,MSH01-20191112-1,323,,,,,,,,,,,,,,,,,14,,,18,,,,,,,,,,3,,28,,31,,,,,1,,,,,,35,,,,,118,,2,,,,,,,,,,,,,,,,,1,,,2,,46,,,2,,,,5,,,,1,,,,,,5,,,,,,,,11,,,,,,,,,,,,,,,,,,,,1,RCA,8,7,normal,Slight rain this morning(0.03in); otherwise clear and dry,9.1,Nets 2 & 3 full
MWC03,Meadow Creek west of Locust Lane Ct,Charlottesville,Locust Lane Court,"riffles below Locust Lane Ct. Walk down path/stairs from end of LLnCT cul-de-sac.  Riffles adjacent to outlet of path/stairway, and ranging ~70 m upstream",38.045979,-78.459914,5/20/2019,25.15,,MWC03-20190520-1,186,,,,,,,,10,,,,,,,,,,,,106,,,,,,,,,,,,1,,,,,,,,,,,,,,,,,,50,1,,,,,,,,,,,,,,,,,,,,,,,,,,,,,,,,,,,,,,,,6,,,,,,,,12,,,,,,,,,,,,,,,,,,,,1,RCA,12,5,normal,"1 inch of rain on 5/17, otherwise clear, no rain",20.6,All nets mini.
MWC03,Meadow Creek west of Locust Lane Ct,Charlottesville,Locust Lane Court,"riffles below Locust Lane Ct. Walk down path/stairs from end of LLnCT cul-de-sac.  Riffles adjacent to outlet of path/stairway, and ranging ~70 m upstream",38.045979,-78.459914,12/8/2019,42.7,6,MWC03-20191208-1,254,,,,,,,,,,,,,,,,1,1,,,34,,1,2,,,,,,,,,2,,,,,,,,,,,,,,,,,,125,,,,,,,,,,,,,,,,,,,2,,,,,57,,,23,,,,,,,,,,,,,,3,,,,,,,,3,,,,,,,,,,,,,,,,,,,,1,RCA,25,6,normal,"clear, no rain",4.7,Nets 1 & 2 mini; Nets 3-5 full
NKD12,Naked Creek @ 844 - B,Albemarle,Moved upstream from NKD02 due to beaver dam constructions,"Follow trail past one large bend in the creek, riffles are just past bend",38.123393,-78.484586,4/24/2019,33.1,6,NKD12-20190424-1,249,,,,,,,,4,,,,,,,,,,,,171,2,,,,,,,,,,,3,,1,,,,,,,,,,,15,,,,,13,,,,,,,,,,,,,,,,,4,,5,,,,,,,,,,,,,,,,,,,,,,24,,,,,,,,7,,,,,,,,,,,,,,,,,,,,1,RCA,10,4,normal,No rain,16.8,All nets mini
NKD12,Naked Creek @ 844 - B,Albemarle,Moved upstream from NKD02 due to beaver dam constructions,"Follow trail past one large bend in the creek, riffles are just past bend",38.123393,-78.484586,11/7/2019,66.34,10,NKD12-20191107-1,241,,,,,,,,,,,,,,,,,6,,,6,,,1,,,2,,,,1,,71,,5,,,,,,,1,,,,7,,,,,38,,,,,,,,,,,,,,,,,,,7,,,,,67,,1,5,,,,4,,,,4,,,,,,6,,,,,,,,9,,,,,,,,,,,,,,,,,,,,1,RCA,6,4,normal,No rain for 8 days,9.4,Nets 1 & 2 Mini; Nets 3 & 4 Full
PKR01,Parker Branch @ 633,Greene,intersection of 633 and 603,"riffles upstream of 633 overcrossing; just north of 633 intersection with 603, above bridge",38.26165,-78.504,3/30/2019,51.78,9,PKR01-20190330-1,264,,,,,,,,2,,,,,,,,,,,,93,,,,,,,,,,,,,,56,,,,,,,,,,,32,,,,,22,,4,,,,,,,,,,,,,,,13,,,,,,7,,,,,,,,,,,,,,,,,,33,,,,,,,,2,,,,,,,,,,,,,,,,,,,,1,RCA,25,8,high/normal,No rain.  Temps low26-46; high56-74,12.9,All nets mini. Flow rate slightly above normal
PKR01,Parker Branch @ 633,Greene,intersection of 633 and 603,"riffles upstream of 633 overcrossing; just north of 633 intersection with 603, above bridge",38.26165,-78.504,11/9/2019,59.26,6,PKR01-20191109-1,225,,,,3,,,,,,,,,,,,,4,,,34,,,,,,3,,,,,,3,,10,,,,,1,,,,,,10,,,,1,98,,11,,,,,,,,,,,,,,,4,,1,,,,,25,,,,,,,3,,,,,,,,,,6,,,,,7,,,1,,,,,,,,,,,,,,,,,,,,1,RCA,18,6,normal,"no rain. Low 30s, high 55",6.5,Nets 1-3 Mini; Net 4 Full
PKR01,Parker Branch @ 633,Greene,intersection of 633 and 603,"riffles upstream of 633 overcrossing; just north of 633 intersection with 603, above bridge",38.26165,-78.504,11/9/2019,47.78,7,PKR01-20191109-2,290,,,,,,,,1,,,,,,,,,5,,,45,,,,,,4,,,,,,,,1,,,,,,,,,,,19,,,,,158,,18,,,,,,,,,,,,,,,,,,,,,,25,,,,,,,3,,,,,,,,,,9,,,,,,,,2,,,,,,,,,,,,,,,,,,,,2,RCA,13,4,normal,"no rain, low 30s, high 55",6.8,"Nets 1-3 Mini, mets 4-6 full"
POW02,Powells Creek ~80 meters above Lickinghole,Albemarle,,"riffles are just downstream from bedrock riffle area, about 25 meters upstream of Lickinghole Creek",38.061302,-78.703606,4/25/2019,63.73,12,POW02-20190425-1,249,,,,,,,,12,,,,,,,,,,1,,28,1,,,,,,,,,,,10,,141,,,,,,,,,,,17,,,,,14,,,,,,,,,,,,,,,,,2,,,,,4,2,5,,,,,,,10,,,,,,,,,,2,,,,,,,,,,,,,,,,,,,,,,,,,,,,1,RCA,7,5,normal,warm and dry,14.1,All nets mini
POW02,Powells Creek ~80 meters above Lickinghole,Albemarle,,"riffles are just downstream from bedrock riffle area, about 25 meters upstream of Lickinghole Creek",38.061302,-78.703606,11/5/2019,55.54,10,POW02-20191105-1,262,,,,,,,,1,,,,,,,,1,,,,4,,,,,,,,,,,,5,,,,,,,,,,,,,19,,,,,133,,3,,,,,,,,,,,,,,,,,,,,7,,73,,,,,,,13,,,,,,,,,,1,,,,,,,,2,,,,,,,,,,,,,,,,,,,,1,RCA,15,4,normal,cool and dry.  Heavy rain 10/31,10.9,All nets mini.
POW02,Powells Creek ~80 meters above Lickinghole,Albemarle,,"riffles are just downstream from bedrock riffle area, about 25 meters upstream of Lickinghole Creek",38.061302,-78.703606,11/5/2019,53.66,8,POW02-20191105-2,243,,,,,,,,,1,,,,,,,,,,,,,,,,,,,,,,,,,1,,,,,,,,,,,10,,,,,134,,,,,,,,,,,,,,,,,,,,,,18,,71,,,,,,,1,,,,,,,5,,,1,,,,,,,,1,,,,,,,,,,,,,,,,,,,,2,RCA,15,4,normal,dry and cool  (heavy rain 10/31),10.9,All nets mini.
PRD01,Preddy Creek west of Rosewood Drive,Greene,west of Rosewood Drive in subdivision,riffle in utility ROW,38.202663,-78.363909,4/3/2019,40.71,,PRD01-20190403-1,197,,,,,,,,,,,,,,,,,,,,57,,,,,,1,,,,,,3,,3,,,,,,,1,,,,9,,,,,97,,,,,,1,,,,,,,,,,,,,,,,,4,10,,,,,,,,,,,1,,,,,,3,,,,,,,,7,,,,,,,,,,,,,,,,,,,,1,RCA,15,6,normal,"No rain, clear, 30's-60's",8,"Net 1 mini; nets 2,3,4 and 5 full. Lots of sand at this site."
QTR03,Quarter Creek in Twin Lakes,Greene,site is behind 661 Morning Glory Rd,Riffles at property and just upstream and downstream from property,38.23948,-78.44752,4/4/2019,36.06,8,QTR03-20190404-1,264,,,,,,1,,1,,,,,,,,,,,,78,,,1,,,,,,,,,20,10,1,,,,,,,,,,,,,,,,133,,,,,,,,,,,,,,,,,3,,,,,,,6,,,,,,,,,,,,,,,,,5,,,,,,,,5,,,,,,,,,,,,,,,,,,,,1,RCA,15,6,normal,No rain. Lows 30F. Highs 47-73F,9.8,All nets mini
QTR03,Quarter Creek in Twin Lakes,Greene,site is behind 661 Morning Glory Rd,Riffles at property and just upstream and downstream from property,38.23948,-78.44752,11/10/2019,67.38,,QTR03-20191110-1,198,,,,,,,,,,,,,,,,1,9,,,34,,,,,,1,1,,,,,27,2,3,,,,,,,1,,,,34,,,,,30,,,,,,,,,,,,,,,,,,,,,,,1,40,,,,,,,,,,,,,,,,,12,,,,,,,,2,,,,,,,,,,,,,,,,,,,,1,RCA,15,2,normal,no rain; low 30 & high 55,6.9,All nets mini
RCH01,Roach/Buffalo River north of 648,Greene,"Several hundred meters upstream of Rt 643 road crossing, on Myer's farm","riffle approximately 100 meters east of bend in farm road, where farm road leaves meadow and enters woods. About 500 feet upstream of VSH 648",38.23703,-78.49255,5/19/2019,37.44,6,RCH01-20190519-1,561,,,,,,,,21,,,,,,,,,,,,99,,,,,,,,,,,,1,,7,,,,,,,,,,,1,,,,,44,,4,,,,,,,,,,,,,,,,,,,,18,,1,,,,,,,,,,,,,,,,,365,,,,,,,,,,,,,,,,,,,,,,,,,,,,1,RCA,25,7,normal,localized scattered thunderstorms,16.2,"all nets mini; quite a few case-makers on top of rocks, just above water"
RCH01,Roach/Buffalo River north of 648,Greene,"Several hundred meters upstream of Rt 643 road crossing, on Myer's farm","riffle approximately 100 meters east of bend in farm road, where farm road leaves meadow and enters woods. About 500 feet upstream of VSH 648",38.23703,-78.49255,5/19/2019,41.82,6,RCH01-20190519-2,339,,,,,,,,16,,,,,,,,,,7,,71,,,,,,,,,,,,,,1,,,,,,,,,,,1,,,,,37,,2,,,,,,,,,,,,,,,,,,,,27,,2,,,,,,,,,,,,,,,,,173,,,,,,,,2,,,,,,,,,,,,,,,,,,,,2,RCA,20,3.5,normal,scttered localized showers,16.4,Both nets mini.
RCH01,Roach/Buffalo River north of 648,Greene,"Several hundred meters upstream of Rt 643 road crossing, on Myer's farm","riffle approximately 100 meters east of bend in farm road, where farm road leaves meadow and enters woods. About 500 feet upstream of VSH 648",38.23703,-78.49255,9/22/2019,72.42,12,RCH01-20190922-1,263,,,,,,,,13,,,,,2,,,,,,,13,,,,,,6,,,,,,20,,41,,,,,,,,,,,87,,3,,,29,,32,,,,,,,,,,,,,,,,,2,,,,,8,,,,,3,,3,,,,,,,,,,1,,,,,,,,,,,,,,,,,,,,,,,,,,,,1,RCA,10,4,low,dry,19.7,Both nets mini
RCN01,Raccoon Creek @ 15,Fluvanna,VSH 15 ~ 1.5 mi south of Palmyra,riffles immediately us of VSH 15 overcrossing,,,3/29/2019,59.19,9,RCN01-20190329-1,213,,,,,,,,2,,,,,,,,5,,,,96,1,,,,,5,,,,,,1,,7,,,,,,,2,,,,38,,,,,13,,,,,,2,,1,1,,,,,,,,,,3,,,12,6,3,,,,,,,5,,,,,,,,,,7,,,,,,,,3,,,,,,,,,,,,,,,,,,,,1,RCA,15,6,normal,"clear, no rain",13,"Nets 1 & 5 mini; nets 2,3 & 4 full"
RCN01,Raccoon Creek @ 15,Fluvanna,VSH 15 ~ 1.5 mi south of Palmyra,riffles immediately us of VSH 15 overcrossing,,,11/7/2019,77.34,,RCN01-20191107-1,181,,,,,,,,3,,,,,,,,4,,,,12,,4,,,,2,,,,,,6,,,,,,,,,1,,,,55,,,,,13,,4,,,,,,,,,,,,,,,,,2,,,17,,38,,1,,,,,10,,,,,,,,,,1,,,,,1,,,7,,,,,,,,,,,,,,,,,,,,1,RCA,15,2,normal,clear and dry,10,"Net 1 Mini; nets 2-6 Full. Much effort, lack of bugs. Still valid family-level sample given huge sampling effort and representative sample."
RRN06,North Fork @ Advance Mills,Albemarle,"North Fork Rivanna at hamlet of Advance Mills,VSH 664",riffles below dam,38.18306748,-78.44020429,4/23/2019,52.7,7,RRN06-20190423-1,224,,,,,,,,14,,,,,,,,,,1,,37,,,,,,,,,,,,2,,21,,,,,,,,,,,13,,,,,1,,7,,,,,,,,,,,,,,,1,,,,,4,5,1,,,,,,,,,,,,,,,,,116,1,,,,,,,,,,,,,,,,,,,,,,,,,,,1,RCA,30,4,high/normal,"clear, no rain",14.6,"Nets 1 & 2 mini, Nets 3 & 4 full. Over 50% black flies; all 4 nets taken in diferent areas of the standard site yielded large percentage of blackflies.  Monitors don't recall ever finding many at this site."
RRN06,North Fork @ Advance Mills,Albemarle,"North Fork Rivanna at hamlet of Advance Mills,VSH 664",riffles below dam,38.18306748,-78.44020429,9/21/2019,58.26,,RRN06-20190921-1,174,,,,,,,,5,,,,,,,,,,,,31,,7,,,,2,,,,,,29,,,,,,,,,,,,,18,,1,,,29,,,,,,,,,,,,,,,,,,,,,,,,31,,,,,,,1,,,,,,,,,,17,,,,,,,,3,,,,,,,,,,,,,,,,,,,,1,RCA,20,2.5,low,dry and clear,20.1,Both nets mini. Still a valid family-level sample given sampling effort.
RRN07,North Fork @ Forks of Rivanna,Albemarle,"accessed via Caldwell property, 2450 Walnut Ridge Lane",riffle at far north end of flood plain,38.0808,-78.4304,5/29/2019,45.18,8,RRN07-20190529-1,273,,,,,,,,5,,,,,,,,,,1,,102,,,,,,,,,,,,12,,9,,,,,1,,,1,,,2,,,,,101,,1,,,,,,,,,,,,,,,,,,,,27,,,,,,,,,,,,1,,,,,,,8,,,,1,,,,1,,,,,,,,,,,,,,,,,,,,1,RCA,80,8,normal,Slight rain (0.30in) on 5/26; otherwise clear.,21.9,All nets mini.
RRN07,North Fork @ Forks of Rivanna,Albemarle,"accessed via Caldwell property, 2450 Walnut Ridge Lane",riffle at far north end of flood plain,38.0808,-78.4304,10/15/2019,63.69,9,RRN07-20191015-1,380,3,,,3,,,,16,,,,,,,,,,,,68,,,8,,,3,,,,,,19,1,5,,,,,,1,,,,,121,,,,,97,,5,,,,,,,,,,,,,,,,,,,,,,21,,,,,3,,,,,,,,,,,,5,,,,,,,,1,,,,,,,,,,,,,,,,,,,,1,RCA,30,5,low,"sunny, no rain",11.9,All nets mini.
RVN01,Rivanna @ Milton,Albemarle,approx 0.2 mi downstream of VSH 729 at canoe takout,"Milton landing, behind Clifton Inn, riffle approx 300 yds dwnstrm of VSH 729 overpass",38.00520297,-78.39930858,5/23/2019,44.23,5,RVN01-20190523-1,377,,,,,,,,13,,,1,,,,,,,,,110,,1,9,,,,,,,,,3,,26,,,,,,,1,,,,6,,,,,139,,2,,,,,,,,,,,,,,,,,24,,,10,,,,,6,,4,,,,,,,,,,,,22,,,,,,,,,,,,,,,,,,,,,,,,,,,,1,RCA,100,12,normal,"clear, no rain",20.4,net mini
RVN01,Rivanna @ Milton,Albemarle,approx 0.2 mi downstream of VSH 729 at canoe takout,"Milton landing, behind Clifton Inn, riffle approx 300 yds dwnstrm of VSH 729 overpass",38.00520297,-78.39930858,9/20/2019,64.74,8,RVN01-20190920-1,247,,,,,,,,11,,,,,,,,,,,,38,,5,5,,,,,,,,,51,,14,,,,,,,1,,,3,17,,,,,67,5,,,2,,,,,,,,,,,,,,,2,,,3,,1,,2,1,,17,,2,,,,,,,,,,,,,,,,,,,,,,,,,,,,,,,,,,,,,,1,RCA,110,5,normal,clear,19,All nets mini.
RVN05,Rivanna @ Rivanna Mills,Fluvanna,approx 4 river miles upstream of mouth of Rivanna,"riffles at river left, left side of island, at old Rivanna Mills",37.78731896,-78.19635976,5/25/2019,43.5,7,RVN05-20190525-1,404,,,,,,,,46,,,,,,,,,,,,139,,,,,,,,,,,,10,,15,,,,,,,,,,,2,,,,,104,,3,,,,,,,,,,,,,,,,,1,,,32,,,,,,,,,,,,,,,,,,,51,,,,,,,,,,,,,1,,,,,,,,,,,,,,,1,RCA,100,4,normal,"clear, no rain",23.6,net mini; Sampled close to the edge
RVN05,Rivanna @ Rivanna Mills,Fluvanna,approx 4 river miles upstream of mouth of Rivanna,"riffles at river left, left side of island, at old Rivanna Mills",37.78731896,-78.19635976,9/19/2019,52.95,9,RVN05-20190919-1,721,,,,,,,,48,,,,,,,,,,,,79,,,7,,,1,,,,,,45,,3,,,,,,,,,,,11,,,,,171,,1,,,,,,,,,,,,,,,,,1,,,21,,101,,,,,,,,,,,,,,,,,232,,,,,,,,,,,,,,,,,,,,,,,,,,,,1,RCA,12.5,3,low,"CLEAR, NO RAIN",20.5,All nets mini.
RVN10,Rivanna @ Crofton - A,Fluvanna,"VSH 600 north of Lake Monticello, Fluvanna Co",riffle ds of VSH 600 overcrossing,37.9182,-78.2975,5/24/2019,35.37,6,RVN10-20190524-1,219,,,,,,,,2,,,,,,,,,,,,52,,,,,,,,,,,,6,,2,,,,,,,,,,,,,,,,139,,2,,,,,,,,,,,,,,,,,4,,,6,,2,,,,,,,1,,,,,,,,,,3,,,,,,,,,,,,,,,,,,,,,,,,,,,,1,RCA,125,10,normal,"Clear, no rain",22.1,Net mini
RVN10,Rivanna @ Crofton - A,Fluvanna,"VSH 600 north of Lake Monticello, Fluvanna Co",riffle ds of VSH 600 overcrossing,37.9182,-78.2975,5/24/2019,41.48,7,RVN10-20190524-2,322,,,,,,,,27,,,,,,,,,,,,27,,,1,,,1,,,,,,16,,4,,,,,,,,,,,1,,,,,226,,,,,,,,,,,,,,,,,,,,,,7,7,,,,,,,,,,,,,,,,,,5,,,,,,,,,,,,,,,,,,,,,,,,,,,,2,RCA,125,10,normal,"Clear, no rain",22.1,Net mini
RVN10,Rivanna @ Crofton - A,Fluvanna,"VSH 600 north of Lake Monticello, Fluvanna Co",riffle ds of VSH 600 overcrossing,37.9182,-78.2975,9/30/2019,57.1,7,RVN10-20190930-1,312,,,,,,,,3,,,,,,,,,,,,6,,,4,,,,,,,,,53,,43,,,,,,,,,,1,10,,2,22,,156,,,,1,,,,,,,,,,,,,,,,,,2,,3,,1,,,4,,1,,,,,,,,,,,,,,,,,,,,,,,,,,,,,,,,,,,,,,1,RCA,120,2,low,"0.17 in rain day before last; otherwise clear, no rain",23.9,Net 1 mini
RVN11,Rivanna @ Darden Towe,Charlottesville,"Darden Towe park, just east of Charlottesville on 20 north, near Pantops","riffle formed by utility crossing, upstream of baseball diamonds at Darden Towe Park",38.045668,-78.451295,5/31/2019,46.68,8,RVN11-20190531-1,209,,,,,,,,12,,,,,,,,,,,,41,,,3,,,,,,,2,,10,,5,,,,,,,,,,,3,,,,,92,,5,,,,,,,,,,,,,,,,,1,,,2,,9,,,,,,,,,,,,,,,,,23,,,,,,,,1,,,,,,,,,,,,,,,,,,,,1,RCA,80,12,normal,"clear, no rain",23.4,Both nets mini
RVN11,Rivanna @ Darden Towe,Charlottesville,"Darden Towe park, just east of Charlottesville on 20 north, near Pantops","riffle formed by utility crossing, upstream of baseball diamonds at Darden Towe Park",38.045668,-78.451295,5/31/2019,43.89,6,RVN11-20190531-2,293,,,,,,,,10,,,,,,,,,,,,81,,,3,,,,,,,,,7,,2,,,,,,,,,,,7,,,,,124,,1,,,,,,,,,,,,,,,,,3,,,8,,19,,,,,,,,,,,,,,,,,25,,,,,,,,3,,,,,,,,,,,,,,,,,,,,2,RCA,80,12,normal,"clear, no rain",23.4,both nets mini
RVN11,Rivanna @ Darden Towe,Charlottesville,"Darden Towe park, just east of Charlottesville on 20 north, near Pantops","riffle formed by utility crossing, upstream of baseball diamonds at Darden Towe Park",38.045668,-78.451295,9/17/2019,60.25,8,RVN11-20190917-1,204,,,,,,,,4,,,,,,,,,,,,2,,,15,,,9,,,,,,43,,2,,,,,,,,,,,36,,,,,80,,1,,,5,,,,,,,,,,,,,,,,,,,5,,,,,,,,,,1,,,,,,,1,,,,,,,,,,,,,,,,,,,,,,,,,,,,1,RCA,120,6,low,dry,22.1,All nets mini.
RVN18,Rivanna 5.2 km downstream of Palmyra,Fluvanna,,riffles downstream from island-approximately 1/4 mile upstream from road access,37.8269,-78.246,5/22/2019,55.45,11,RVN18-20190522-1,282,,,,,,,,28,,,,,1,,,,,,,98,,,3,,,,,,,,,65,,13,,,,,,,,,,,3,,1,,,36,,8,,,,,,,,,,,,,,,,,,,,20,,,,,,,,,1,,,1,,,,,,,3,,,,,,,,1,,,,,,,,,,,,,,,,,,,,1,RCA,80,12,normal,"clear, no rain",21,Both nets mini
RVN18,Rivanna 5.2 km downstream of Palmyra,Fluvanna,,riffles downstream from island-approximately 1/4 mile upstream from road access,37.8269,-78.246,11/10/2019,68.96,8,RVN18-20191110-1,272,,,,,,,,,,,,,,,,1,,,,6,,2,10,,,,,,,,,33,,2,,,,,,,2,,1,,8,,,80,,68,,4,,,,,,,,,,,,,,,,,1,,,22,,11,,,,,,,4,,,4,,,,,,,2,,,,,1,,,10,,,,,,,,,,,,,,,,,,,,1,RCA,80,8,normal,"clear, no rain; avg temps high 30's-50's",8.4,Nets 1-3 mini; net 4 full.
RVN31,South Fork @ Forks of Rivanna,Albemarle,1701 Bentivar Drive,"rapids towards north end of field through fall 2004, then riffle at very old road crossing, accessed via 1701 Bentivar",38.0845,-78.4447,10/2/2019,60.15,11,RVN31-20191002-1,230,,,,,,,,43,,,,,,,,,,,,28,,1,1,,,8,,,,,,48,,3,,,,,,,,,,,33,,,,,59,,,,,,,,,,,,,,,,,,,,,,3,,2,,,,,,,,,,,,,,,,,1,,,,,,,,,,,,,,,,,,,,,,,,,,,,1,RCA,60,3,low,sunny,23.8,"Nets 1-3 mini, Net 4 full"
SDV04,Stanardsville Run upstream of N. Ridge Way,Greene,"upstream from N. Ridge Way, downstream from 33",first set of riffles upstream from road; just downstream from field with fence across stream.  Gravel riffles,38.2838,-78.4351,3/17/2019,58.72,9,SDV04-20190317-1,232,,,,,,,,3,,,,,,,,,,1,,41,1,,,,,,,,,,,56,5,1,,,,,,,3,,,,2,,,,,53,,,,,,,,,,,,,,,,,3,,2,,,1,,3,,,,,,,1,,,,2,,,,,,,,,,,,,,52,,,2,,,,,,,,,,,,,,,,,1,RCA,10,2,high,"No rain.  Lows 50F, Highs 65F",5.3,All nets mini.
SDV04,Stanardsville Run upstream of N. Ridge Way,Greene,"upstream from N. Ridge Way, downstream from 33",first set of riffles upstream from road; just downstream from field with fence across stream.  Gravel riffles,38.2838,-78.4351,10/26/2019,47.84,8,SDV04-20191026-1,241,,1,,,,,,1,,,,,,,,,7,,,92,,,,,,,,,,,,10,,4,,,,,,,,,,,13,,,,,58,,,,,,1,,,,,,,,,,,,,2,,,2,,12,,,,,,,1,,,,,,,,,,30,,,,,,,,7,,,,,,,,,,,,,,,,,,,,1,RCA,20,2,normal,No rain; but .5in on 10/22 and 1.8in on 10/20,13.9,Nets 2 and 3 full
SFR01,Swift Run @ 605,Albemarle,"VSH 605, northwest Albemarle County",VSH 605; riffle immediately downstream of bridge,38.20177773,-78.44994861,5/18/2019,38.44,5,SFR01-20190518-1,369,,,,,,,,18,,,,,,,,,,,,119,,,,,,,,,,,,,,1,,,,,,,,,,,2,,,,,84,,3,,,,,,,,,,,,,,,,,1,,,6,,1,,,,,,,,,,,,,,,,,131,,,,,,,,3,,,,,,,,,,,,,,,,,,,,1,RCA,40,8,normal,Localized scattered thunderstorms,16.6,Net mini
STC05,Stockton Creek @ 683,Albemarle,Shelton Mill Road/Rt 683,"From bridge, riffles are just upstream before first meander",38.0403,-78.6836,5/7/2019,53.68,9,STC05-20190507-1,244,,,,,,,,48,,,,,,,,,,,,85,1,,1,,,,,,,,,4,,40,,,,,,,,,,,7,,,,,9,,4,,,,,,,,,,,,,,,1,,8,,,9,,,,,,,,,,,,,,,,,,,23,,,,,,,,4,,,,,,,,,,,,,,,,,,,,1,RCA,10,6,normal,"rain 48 hrs ago, approx 1/3 inch",16.7,"all nets mini; stream now bifurcated with island of sand, gravel and cobbles. Total width of the stream with the island is about 60'"
STC05,Stockton Creek @ 683,Albemarle,Shelton Mill Road/Rt 683,"From bridge, riffles are just upstream before first meander",38.0403,-78.6836,10/5/2019,65.49,11,STC05-20191005-1,217,,,,,,,,1,,,,,,,,,,1,,8,,,6,,,10,,,,,,56,,2,,,,,,,1,,,,37,,,,,36,,4,,,,,,,,,,,,,,,,,,,,,,5,,,,,,,20,,,,,,,,,,,,,,1,,,,29,,,,,,,,,,,,,,,,,,,,1,RCA,10,6,low,No rain,16.1,All nets mini.
TKY01,Turkeysag Creek @ 22,Albemarle,,,38.06302,-78.27048,3/19/2019,56.61,9,TKY01-20190319-1,209,,,,1,,,,3,,,,,,,,1,,,,95,,,,,,,,,,,,5,1,3,,,1,,,,,,,,11,,,,,21,,6,,,,,,,,,,,,,,,43,,,,,4,,12,,,,,,,,,,,,,,1,,,,,,,,,,,1,,,,,,,,,,,,,,,,,,,,1,RCA,6,5,normal,"Clear, partly cloudy, no rain, 40s & 50s",7.6,Net 1 mini; net 2 full
XLI01,Little Ivy Creek trib @ Kingston Rd,Albemarle,"near 2340 Kingston road, Westleigh subdivision",Riffles ~ 50 yards upstream from Kingston Rd.,38.06372,-78.58092,5/10/2019,28.78,6,XLI01-20190510-1,219,,,,,,,,19,,,,,,,,,,,,153,,,,,,,,,,,,1,1,,,,,,3,,,,,,,,,,,12,,,,,,,,,,,,,,,,,,,6,,,2,,,,,,,,,,,,,,,,,,,19,,,,,,,,3,,,,,,,,,,,,,,,,,,,,1,RCA,10,3,normal,Light rain past 24 hrs,21.4,All nets mini
XLI01,Little Ivy Creek trib @ Kingston Rd,Albemarle,"near 2340 Kingston road, Westleigh subdivision",Riffles ~ 50 yards upstream from Kingston Rd.,38.06372,-78.58092,10/21/2019,40.3,6,XLI01-20191021-1,273,,,,,,,,,1,,,,,,,1,,,,13,,,,,,1,,,,,,15,,,,,,,,,6,,,,3,,,1,,171,,,,,,,,,,,,,,,,,,,40,,,,,15,,,,,,,2,,,,,,,,,,1,,,,,,,,3,,,,,,,,,,,,,,,,,,,,1,RCA,5,6,normal,rain 1in 24 hours ago,12.2,"Nets 3 & 4 were mini+ (20"")"
XLI01,Little Ivy Creek trib @ Kingston Rd,Albemarle,"near 2340 Kingston road, Westleigh subdivision",Riffles ~ 50 yards upstream from Kingston Rd.,38.06372,-78.58092,12/6/2019,77.42,12,XLI01-20191206-1,232,,,,,,,,,,,,,,,,,18,,,28,,,,,,,,,,,,17,,14,,,,,9,,1,,,,45,,,,,34,,,,,,,,,,,,,,,,,,,1,,,,,17,,,7,,,,6,,,,1,,,,,,4,,,,,6,,,8,,,16,,,,,,,,,,,,,,,,,1,RCA,6,5,normal,"clear, no rain",6.6,All nets mini
XPY01,Albemarle County reference stream #2,Albemarle,,,,,4/4/2019,67.24,11,XPY01-20190404-1,292,,,,,,,,66,,,,,,,,1,,6,,44,,,,,,,,,,,,8,,64,,,,,,,,,,,3,,,,,12,,,,,,,,1,,,,,,,,,1,,,,,1,8,2,,,,,,,4,,,5,,,,1,,,58,,,,,,,,4,,,3,,,,,,,,,,,,,,,,,1,RCA,7,4,normal,"clear, no rain",14,All nets mini
XPY01,Albemarle County reference stream #2,Albemarle,,,,,11/6/2019,74.17,10,XPY01-20191106-1,221,,,,,,,,1,,,,,,,,4,2,1,,1,,,,,,1,,,,2,1,3,,,,,,,,,1,,,,19,,,,,72,,,,,,2,,,,,,,,,,,,,,,4,22,,24,,,,,,,4,,,30,,,,1,,,,,,,,,,,26,,,,,,,,,,,,,,,,,,,,1,RCA,5,4,normal,"clear, 7 days w/o rain",10.7,Nets 1-3 mini; Nets 4-6 full; Net 7 12 sec mini net
XYX01,Lake Monticello trib #1 emptying to Jackson Cove,Fluvanna,,"Riffles upstream of culvert, near sewage manhole and old treehouse",37.9097,-78.3303,4/2/2019,32.25,6,XYX01-20190402-1,275,,,,,,1,,,,,,,,,,,,,,235,,,,,,,,,,,,3,1,1,,,,,,,,,,,1,,,,,9,,,,,,1,,4,,,,,,,,,7,,4,,,1,,3,,,1,,,,,,,,1,,,,,,1,,,,,,,,,,,,,,,,,,,,,,,,,1,,,1,RCA,5,3,normal,"40s/50s; clear, no rain",6.9,"Net 1 mini; nets 2 & 3 full. Nemotomorpha recorded as ""worms-unresolved"""
