"StationID","WQS_ID","Buffer Distance","Comments"
"2-POL017.59","LP_2B_012544","Manual Review | NA","Manual Accept |"
"2-SHS001.00","LP_2B_012546","Manual Review | NA","Manual Accept |"
"2-MIN000.98","LP_2B_012545","Manual Review | NA","Manual Accept |"
"2-JKS044.60","LP_2A_005412","Manual Review | NA","Manual Accept | All in Lake Moomaw"
"2-JKS046.40","LP_2A_005412","Manual Review | NA","Manual Accept | All in Lake Moomaw"
"2-JKS048.90","LP_2A_005412","Manual Review | NA","Manual Accept | All in Lake Moomaw"
"2-JKS053.48","LP_2A_005412","Manual Review | NA","Manual Accept | All in Lake Moomaw"
"4ABAU005.34","LP_4A_003238","Manual Review | NA","Manual Accept |"
"4ABAN012.46","LP_4A_008523","Manual Review | NA","Manual Accept |"
"2-JKS036.11","RL_2A_074876","Manual Review | 80 m","Manual Accept | The two WQS segments appear to have identical information."
"2-JKS026.01","RL_2A_073587","Manual Review | 20 m","Manual Accept |"
"2-MIV000.39","RL_2A_075555","Manual Review | 20 m","Manual Accept |"
"2-LMC001.37","RL_2A_072669","Manual Review | 60 m","Manual Accept |"
"2AFAW000.01","RL_2A_072630","Manual Review | 20 m","Manual Accept |"
"2-POT030.66","RL_2A_067146","Manual Review | 20 m","Manual Accept |"
"4ARFK000.20","LP_4A_006100","Manual Review | NA","Manual Accept |"
"4ACRR008.32","LP_4A_006101","Manual Review | NA","Manual Accept |"
"4ADAN194.10","LP_4A_002128","Manual Review | NA","Manual Accept |"
"2-CRG026.85","RL_2A_069659","Manual Review | 20 m","Manual Accept |"
"2-CRG028.87","RL_2A_069687","Manual Review | 20 m","Manual Accept |"
"2-CRG053.15","RL_2A_066872","Manual Review | 20 m","Manual Accept |"
"2-DCK003.58","RL_2A_066336","Manual Review | 20 m","Manual Accept |"
"2-CWP002.58","RL_2A_075917","Manual Review | 40 m","Manual Accept |"
"2-JMS345.73","RL_2A_075926","Manual Review | 20 m","Manual Accept |"
"4ACRV006.19","LP_4A_005052","Manual Review | NA","Manual Accept |"
"4ASRN005.14","LP_4A_015195","Manual Review | NA","Manual Accept |"
"4AHTA003.26","LP_4A_010473","Manual Review | NA","Manual Accept |"
"2-BMT000.07","RL_2B_116247","Manual Review | 40 m","Manual Accept |"
"2BJMS221.84","RL_2B_120697","Manual Review | 60 m","Manual Accept |"
"2BANC000.09","RL_2B_120546","Manual Review | 20 m","Manual Accept |"
"2-JMS275.75","RL_2B_111147","Manual Review | 20 m","Manual Accept |"
"2-JTH006.53","RL_2B_113069","Manual Review | 20 m","Manual Accept |"
"2-FSG000.85","RL_2B_112703","Manual Review | 40 m","Manual Accept |"
"2-JTH006.53","RL_2B_112703","Manual Review | 20 m","Manual Accept |"
"4ASRE048.98","LP_4A_002602","Manual Review | NA","Manual Accept |"
"4ASRE052.31","LP_4A_002602","Manual Review | NA","Manual Accept |"
"4ASRE056.06","LP_4A_002602","Manual Review | NA","Manual Accept |"
"4AGOB003.86","LP_4A_002601","Manual Review | NA","Manual Accept |"
"4ABSA000.62","LP_4A_004493","Manual Review | NA","Manual Accept |"
"4ABWR002.50","LP_4A_004493","Manual Review | NA","Manual Accept |"
"4ACOA000.60","LP_4A_004493","Manual Review | NA","Manual Accept |"
"4ACCK001.80","LP_4A_004493","Manual Review | NA","Manual Accept |"
"4AROA163.76","LP_4A_004493","Manual Review | NA","Manual Accept |"
"4AWTH000.40","LP_4A_004493","Manual Review | NA","Manual Accept |"
"4ABWR010.55","LP_4A_004493","Manual Review | NA","Manual Accept |"
"4ABWR017.42","LP_4A_004493","Manual Review | NA","Manual Accept |"
"4ABWR019.75","LP_4A_004493","Manual Review | NA","Manual Accept |"
"4AROA167.34","LP_4A_004493","Manual Review | NA","Manual Accept |"
"4AGIL002.39","LP_4A_004493","Manual Review | NA","Manual Accept |"
"4AGIL004.46","LP_4A_004493","Manual Review | NA","Manual Accept |"
"4AROA175.63","LP_4A_004493","Manual Review | NA","Manual Accept |"
"4AROA180.21","LP_4A_004493","Manual Review | NA","Manual Accept |"
"4AROA183.64","LP_4A_004493","Manual Review | NA","Manual Accept |"
"4AROA192.94","LP_4A_004493","Manual Review | NA","Manual Accept |"
"4AROA196.05","LP_4A_004493","Manual Review | NA","Manual Accept |"
"4AROA158.22","LP_4A_004493","Manual Review | NA","Manual Accept |"
"4AROA140.66","LP_4A_007204","Manual Review | NA","Manual Accept |"
"4AROA145.34","LP_4A_007204","Manual Review | NA","Manual Accept |"
"9-ADR000.13","RL_09_042651","Manual Review | 20 m","Manual Accept |"
"9-WLK004.34","RL_09_043233","Manual Review | 20 m","Manual Accept |"
"9-SGG000.07","RL_09_043004","Manual Review | 20 m","Manual Accept |"
"9-LWK000.77","RL_09_042242","Manual Review | 60 m","Manual Accept |"
"9-LWK014.95","RL_09_039689","Manual Review | 20 m","Manual Accept |"
"9-SNK005.38","RL_09_064097","Manual Review | 40 m","Manual Accept |"
"9-XEH000.01","RL_09_050159","Manual Review | 20 m","Manual Accept |"
"9-LRV000.34","RL_09_048649","Manual Review | 20 m","Manual Accept |"
"9-BMK001.11","RL_09_040606","Manual Review | 40 m","Manual Accept |"
"4ADAY003.97","RL_4A_070966","Manual Review | 40 m","Manual Accept |"
"4ARNF013.60","RL_4A_052124","Manual Review | 80 m","Manual Accept |"
"4ARSF014.02","RL_4A_051974","Manual Review | 20 m","Manual Accept |"
"4ABTM004.48","RL_4A_052411","Manual Review | 20 m","Manual Accept |"
"4AROA199.20","RL_4A_060896","Manual Review | 20 m","Manual Accept |"
"4AWLF000.09","RL_4A_088984","Manual Review | 20 m","Manual Accept |"
"4ALOR008.64","RL_4A_109924","Manual Review | 20 m","Manual Accept |"
"4AGSE022.55","RL_4A_089123","Manual Review | 40 m","Manual Accept |"
"4AMEY016.00","RL_4A_092842","Manual Review | 60 m","Manual Accept |"
"4ABOR012.18","RL_4A_092023","Manual Review | 40 m","Manual Accept |"
"4AMEY010.46","RL_4A_104294","Manual Review | 40 m","Manual Accept |"
"4AFRV010.99","RL_4A_104082","Manual Review | 40 m","Manual Accept |"
"4AFRV003.07","RL_4A_103315","Manual Review | 40 m","Manual Accept |"
"4AROA000.00","LP_4A_014340","Manual Review | NA","Manual Accept |"
"4AROA004.54","LP_4A_014340","Manual Review | NA","Manual Accept |"
"4AROA008.66","LP_4A_014340","Manual Review | NA","Manual Accept |"
"4AROA032.42","LP_4A_013612","Manual Review | NA","Manual Accept |"
"4AROA018.36","LP_4A_013612","Manual Review | NA","Manual Accept |"
"4AROA028.04","LP_4A_013612","Manual Review | NA","Manual Accept |"
"4ABHB004.40","LP_4A_013612","Manual Review | NA","Manual Accept |"
"4AROA038.49","LP_4A_013612","Manual Review | NA","Manual Accept |"
"4AROA043.14","LP_4A_013612","Manual Review | NA","Manual Accept |"
"4AMES007.54","LP_4A_014357","Manual Review | NA","Manual Accept |"
"4ABST001.13","LP_4A_009499","Manual Review | NA","Manual Accept |"
"4ABMA002.00","LP_4A_009408","Manual Review | NA","Manual Accept |"
"4ADAN000.00","LP_4A_013612","Manual Review | NA","Manual Accept |"
"4AROA022.52","LP_4A_013612","Manual Review | NA","Manual Accept |"
"4AROA012.08","RL_4A_132107","Manual Review | NA","Manual Accept | Trend parameters"
"4ABAA008.67","RL_4A_060743","Manual Review | 20 m","Manual Accept |"
"9-NEW087.14","LP_09_001935","Manual Review | NA","Manual Accept |"
"9-NEW089.34","LP_09_001935","Manual Review | NA","Manual Accept |"
"9-NEW092.66","LP_09_001867","Manual Review | NA","Manual Accept |"
"9-PKC000.00","LP_09_001867","Manual Review | NA","Manual Accept |"
"9-NEW098.32","LP_09_001867","Manual Review | NA","Manual Accept |"
"9-PKC004.16","LP_09_001936","Manual Review | NA","Manual Accept |"
"9-PKC004.65","LP_09_001934","Manual Review | NA","Manual Accept |"
"9-PKC016.91","LP_09_001715","Manual Review | NA","Manual Accept |"
"9-PKC017.71","LP_09_001715","Manual Review | NA","Manual Accept |"
"4ASRE051.06","LP_4A_002602","Manual Review | NA","Manual Accept |"
"4ALVL003.26","RL_4A_062850","Manual Review | 20 m","Manual Accept |"
"4AGCR000.01","RL_4A_058856","Manual Review | 40 m","Manual Accept |"
"4ABNR001.53","RL_4A_058810","Manual Review | 20 m","Manual Accept |"
"4ALNE006.56","RL_4A_129994","Manual Review | NA","Manual Accept | moved to riverine"
"4ABEE000.80","RL_4A_098173","Manual Review | NA","Manual Accept | moved to riverine"
"4APEN000.05","RL_4A_097536","Manual Review | NA","Manual Accept | moved to riverine"
"4APET004.35","RL_4A_097552","Manual Review | NA","Manual Accept | moved to riverine"
"4ALFF001.85","RL_4A_098318","Manual Review | NA","Manual Accept | moved to riverine, Rt 58 bridge"
"4AGIB000.66","RL_4A_097517","Manual Review | NA","Manual Accept | moved to riverine"
"4AROA131.55","RL_4A_091621","Manual Review | 60 m","Manual Accept | Used STA_DESC to determine (Rt. 29 Bridge)"
"4ASCE000.26","RL_4A_091534","Manual Review | 40 m","Manual Accept | Pocket Rd. = Rt. 924; decision was made based on STA_DESC."
"4ABSF001.15","RL_4A_058887","Manual Review | 60 m","Manual Accept | Callaway Rd. = Rt. 641; decision based on STA_DESC"
"4ABWR045.80","RL_4A_059785","Manual Review | 40 m","Manual Accept | Jamestown Rd. = Rt. 812; decision based on STA_DESC"
"4ABWR029.22","RL_4A_061611","Manual Review | 20 m","Manual Accept |"
"2-FAS000.20","RL_2A_074718","Manual Review | 40 m","Manual Accept |"
"2-FAS001.08","RL_2A_074718","Manual Review | 20 m","Manual Accept |"
"2-POL028.68","RL_2B_116512","Manual Review | 60 m","Manual Accept |"
"2-RBT000.59","RL_2B_116222","Manual Review | 40 m","Manual Accept |"
"2-POL020.03","RL_2B_116229","Manual Review | 20 m","Manual Accept |"
"2-POL019.63","RL_2B_116381","Manual Review | 20 m","Manual Accept |"
"2-LIF000.08","RL_2B_116286","Manual Review | 20 m","Manual Accept |"
"2-TRH000.40","RL_2B_116690","Manual Review | 20 m","Manual Accept |"
"2-BUF026.43","RL_2B_116675","Manual Review | 40 m","Manual Accept |"
"2BRRW000.96","RL_2B_111354","Manual Review | 20 m","Manual Accept |"
"2-POL008.53","RL_2B_113541","Manual Review | 20 m","Manual Accept |"
"2BHOY002.92","RL_2B_113421","Manual Review | 20 m","Manual Accept |"
"2-JMS279.41","RL_2B_111441","Manual Review | 20 m","Manual Accept |"
"2-HUO005.87","RL_2B_110974","Manual Review | 20 m","Manual Accept |"
"2-RED008.96","RL_2B_110978","Manual Review | 20 m","Manual Accept |"
"2-XWQ000.02","RL_2B_110940","Manual Review | 20 m","Manual Accept | Station coordinates are inaccurate; WQS on UT Reed"
"2-RED003.65","RL_2B_111008","Manual Review | 20 m","Manual Accept |"
"2-RED000.16","RL_2B_111142","Manual Review | 20 m","Manual Accept |"
"2BJMS273.86","RL_2B_112977","Manual Review | 20 m","Manual Accept |"
"2-POL000.04","RL_2B_113004","Manual Review | 40 m","Manual Accept |"
"2-JMS270.84","RL_2B_113185","Manual Review | 20 m","Manual Accept |"
"2-HAZ007.16","RL_2B_113620","Manual Review | 40 m","Manual Accept |"
"2-HAZ006.91","RL_2B_113684","Manual Review | 20 m","Manual Accept |"
"2BHAZ008.29","RL_2B_113643","Manual Review | 20 m","Manual Accept |"
"2BHAZ008.51","RL_2B_113643","Manual Review | 20 m","Manual Accept |"
"2-BUF013.53","RL_2B_119954","Manual Review | 20 m","Manual Accept |"
"2-TNR000.25","RL_2B_120011","Manual Review | 20 m","Manual Accept |"
"2-RTD005.06","RL_2B_119862","Manual Review | 40 m","Manual Accept |"
"2BBUF006.39","RL_2B_120100","Manual Review | 20 m","Manual Accept |"
"2-BUF002.10","RL_2B_120723","Manual Review | 20 m","Manual Accept |"
"2BBUF000.25","RL_2B_120708","Manual Review | 20 m","Manual Accept |"
"2BJMS220.34","RL_2B_122650","Manual Review | 20 m","Manual Accept |"
"2-DVD000.23","RL_2B_120690","Manual Review | 60 m","Manual Accept |"
"2-JMS229.14","RL_2B_120406","Manual Review | 40 m","Manual Accept |"
"2BJMS229.48","RL_2B_120406","Manual Review | 40 m","Manual Accept |"
"2-BTC000.16","RL_2B_120180","Manual Review | 20 m","Manual Accept |"
"2-WKF000.72","RL_2B_120195","Manual Review | 20 m","Manual Accept |"
"2-WIC000.40","RL_2B_120190","Manual Review | 40 m","Manual Accept |"
"2-WIC005.69","RL_2B_120205","Manual Review | 40 m","Manual Accept |"
"2-STW001.72","RL_2B_119514","Manual Review | 40 m","Manual Accept |"
"2BBKF002.05","RL_2B_119163","Manual Review | 20 m","Manual Accept |"
"2BFWN000.66","RL_2B_113650","Manual Review | 20 m","Manual Accept |"
"2BJMS263.24","RL_2B_113789","Manual Review | 20 m","Manual Accept |"
"2-IVA005.75","RL_2B_111856","Manual Review | 20 m","Manual Accept |"
"2-IVA012.13","RL_2B_111889","Manual Review | 40 m","Manual Accept |"
"2-THK000.03","RL_2B_111841","Manual Review | 60 m","Manual Accept |"
"2-BUN000.04","RL_2B_111849","Manual Review | 60 m","Manual Accept |"
"2-BKW005.95","RL_2B_112636","Manual Review | 60 m","Manual Accept |"
"2-IVA000.22","RL_2B_112627","Manual Review | 20 m","Manual Accept |"
"2-IVA000.05","RL_2B_112627","Manual Review | 40 m","Manual Accept |"
"2-BKW004.87","RL_2B_112635","Manual Review | 40 m","Manual Accept |"
"2-FSG003.36","RL_2B_112541","Manual Review | 20 m","Manual Accept |"
"2-BKW000.40","RL_2B_112609","Manual Review | 20 m","Manual Accept |"
"2-JMS258.54","RL_2B_112821","Manual Review | 20 m","Manual Accept |"
"2BWLM000.34","RL_2B_112684","Manual Review | 20 m","Manual Accept |"
"2BJMS250.66","RL_2B_118504","Manual Review | 20 m","Manual Accept |"
"2BACH000.46","RL_2B_118383","Manual Review | 40 m","Manual Accept |"
"2-BCR000.20","RL_2B_118511","Manual Review | 40 m","Manual Accept |"
"2BJMS248.90","RL_2B_118524","Manual Review | 40 m","Manual Accept |"
"2BXBA000.52","RL_2B_118571","Manual Review | 20 m","Manual Accept |"
"2-JKS044.14","RL_2A_075096","Manual Review | 40 m","Manual Accept |"
"2-JKS042.29","RL_2A_075105","Manual Review | 20 m","Manual Accept |"
"2-JKS034.04","RL_2A_074494","Manual Review | 20 m","Manual Accept |"
"2-JKS033.06","RL_2A_074532","Manual Review | 40 m","Manual Accept |"
"2-FAS002.67","RL_2A_074782","Manual Review | 20 m","Manual Accept |"
"2-FAS002.75","RL_2A_074782","Manual Review | 20 m","Manual Accept |"
"2-JKS030.65","RL_2A_074484","Manual Review | 40 m","Manual Accept |"
"2-JKS028.69","RL_2A_074524","Manual Review | 40 m","Manual Accept |"
"2-OGL005.53","RL_2A_067823","Manual Review | 20 m","Manual Accept |"
"2-JED008.07","RL_2A_067564","Manual Review | 20 m","Manual Accept |"
"2-OGL000.23","RL_2A_073468","Manual Review | 40 m","Manual Accept |"
"2-DNP001.98","RL_2A_073497","Manual Review | 20 m","Manual Accept |"
"2-JKS023.61","RL_2A_073478","Manual Review | 20 m","Manual Accept |"
"2-JKS022.15","RL_2A_073462","Manual Review | 20 m","Manual Accept |"
"2-JKS022.78","RL_2A_073516","Manual Review | 40 m","Manual Accept |"
"2-SMH005.09","RL_2A_074804","Manual Review | 40 m","Manual Accept |"
"2-JKS015.60","RL_2A_074200","Manual Review | 40 m","Manual Accept |"
"2-JKS021.09","RL_2A_073522","Manual Review | 20 m","Manual Accept |"
"2-JKS018.68","RL_2A_073570","Manual Review | 80 m","Manual Accept |"
"2-POT000.12","RL_2A_073519","Manual Review | 20 m","Manual Accept |"
"2-DNP018.47","RL_2A_067742","Manual Review | 40 m","Manual Accept |"
"2-DNP024.01","RL_2A_067510","Manual Review | 20 m","Manual Accept |"
"2-SSC000.25","RL_2A_067451","Manual Review | 40 m","Manual Accept |"
"2ASTV001.35","RL_2A_067035","Manual Review | 20 m","Manual Accept |"
"2-LPS000.10","RL_2A_069515","Manual Review | 40 m","Manual Accept |"
"4APHC006.38","RL_4A_143223","Manual Review | 20 m","Manual Accept |"
"4AMCC002.05","RL_4A_142813","Manual Review | 20 m","Manual Accept |"
"4ALIZ003.42","RL_4A_143260","Manual Review | 40 m","Manual Accept |"
"4ALPP004.52","RL_4A_142817","Manual Review | 20 m","Manual Accept |"
"4ALPP004.46","RL_4A_142831","Manual Review | 20 m","Manual Accept |"
"4APOB006.35","RL_4A_142690","Manual Review | 40 m","Manual Accept |"
"4AGRT003.82","RL_4A_133022","Manual Review | 20 m","Manual Accept |"
"4AFLT002.60","RL_4A_133227","Manual Review | 20 m","Manual Accept |"
"4AMES006.61","RL_4A_132546","Manual Review | 40 m","Manual Accept |"
"4AMES006.19","RL_4A_132581","Manual Review | 20 m","Manual Accept |"
"4AMES004.78","RL_4A_132564","Manual Review | 20 m","Manual Accept |"
"4AKTT001.15","RL_4A_131843","Manual Review | 20 m","Manual Accept |"
"4AALN009.12","RL_4A_129904","Manual Review | 20 m","Manual Accept |"
"4AALN016.38","RL_4A_129898","Manual Review | 40 m","Manual Accept |"
"4AALN020.60","RL_4A_131158","Manual Review | 40 m","Manual Accept |"
"4ACOX007.73","RL_4A_133769","Manual Review | 40 m","Manual Accept |"
"4ALYT003.77","RL_4A_131279","Manual Review | 20 m","Manual Accept |"
"4ABHB013.93","RL_4A_131105","Manual Review | 20 m","Manual Accept |"
"4ABHB011.31","RL_4A_130446","Manual Review | 20 m","Manual Accept |"
"4APOP000.85","RL_4A_128823","Manual Review | 20 m","Manual Accept |"
"4ABPC003.14","RL_4A_098432","Manual Review | 20 m","Manual Accept |"
"4ABMA006.65","RL_4A_097968","Manual Review | 40 m","Manual Accept |"
"2-XSP000.97","RL_2A_076908","Manual Review | 40 m","Manual Accept |"
"2-SMH000.08","RL_2A_076554","Manual Review | 20 m","Manual Accept |"
"2-CWP001.24","RL_2A_075894","Manual Review | 20 m","Manual Accept |"
"2-JKS000.38","RL_2A_075913","Manual Review | 20 m","Manual Accept |"
"2-JMS346.34","RL_2A_075887","Manual Review | 20 m","Manual Accept |"
"2-JKS013.29","RL_2A_074182","Manual Review | 20 m","Manual Accept |"
"2-KAR001.59","RL_2A_074155","Manual Review | 20 m","Manual Accept |"
"2-JKS006.67","RL_2A_074202","Manual Review | 40 m","Manual Accept |"
"2-CSR003.94","RL_2A_067303","Manual Review | 20 m","Manual Accept |"
"2-POT007.48","RL_2A_073216","Manual Review | 40 m","Manual Accept |"
"2-SWS000.90","RL_2A_073793","Manual Review | 20 m","Manual Accept |"
"2-BKL000.15","RL_2A_075337","Manual Review | 20 m","Manual Accept |"
"2-SKG001.04","RL_2A_075479","Manual Review | 20 m","Manual Accept |"
"2-CRG001.20","RL_2A_075525","Manual Review | 40 m","Manual Accept |"
"2-LIP001.00","RL_2A_070237","Manual Review | 20 m","Manual Accept |"
"2-CRG014.92","RL_2A_073878","Manual Review | 20 m","Manual Accept |"
"2-CRG015.50","RL_2A_073910","Manual Review | 20 m","Manual Accept |"
"2-CRG016.90","RL_2A_073861","Manual Review | 20 m","Manual Accept |"
"2-LAP001.20","RL_2A_072192","Manual Review | 20 m","Manual Accept |"
"2-CAT000.34","RL_2A_072380","Manual Review | 40 m","Manual Accept |"
"2-JMS317.62","RL_2A_072428","Manual Review | 80 m","Manual Accept |"
"2-BAR010.10","RL_2A_069527","Manual Review | 40 m","Manual Accept |"
"4AAAR006.20","RL_4A_097453","Manual Review | 20 m","Manual Accept |"
"4ABMN000.65","RL_4A_097187","Manual Review | 40 m","Manual Accept |"
"4ALAR000.00","RL_4A_097546","Manual Review | 20 m","Manual Accept |"
"4ABLU002.02","RL_4A_094422","Manual Review | 20 m","Manual Accept |"
"4ALWN000.88","RL_4A_094431","Manual Review | 20 m","Manual Accept |"
"4AMYO001.48","RL_4A_094348","Manual Review | 20 m","Manual Accept |"
"4ACLB001.00","RL_4A_094122","Manual Review | 80 m","Manual Accept |"
"4ACLB001.90","RL_4A_094133","Manual Review | 20 m","Manual Accept |"
"4AGSY004.60","RL_4A_094772","Manual Review | 40 m","Manual Accept |"
"4ACAR001.70","RL_4A_099944","Manual Review | 20 m","Manual Accept |"
"4ABST009.45","RL_4A_100288","Manual Review | 20 m","Manual Accept |"
"4ABST011.48","RL_4A_100238","Manual Review | 20 m","Manual Accept |"
"4ABST012.29","RL_4A_100204","Manual Review | 20 m","Manual Accept |"
"4ABST017.09","RL_4A_100284","Manual Review | 20 m","Manual Accept |"
"4ADEV000.86","RL_4A_130667","Manual Review | 20 m","Manual Accept |"
"4ABNN002.17","RL_4A_099980","Manual Review | 20 m","Manual Accept |"
"4ABNN001.85","RL_4A_099974","Manual Review | 60 m","Manual Accept |"
"4ABLE001.21","RL_4A_100991","Manual Review | 40 m","Manual Accept |"
"4AROA059.12","RL_4A_100831","Manual Review | 20 m","Manual Accept |"
"4ADFF004.90","RL_4A_099312","Manual Review | 20 m","Manual Accept |"
"4ADFF009.01","RL_4A_099095","Manual Review | 40 m","Manual Accept |"
"4ABAN005.58","RL_4A_096241","Manual Review | 20 m","Manual Accept |"
"4AXVV000.54","RL_4A_096665","Manual Review | 20 m","Manual Accept |"
"4AHEN004.27","RL_4A_106730","Manual Review | 40 m","Manual Accept |"
"4AHEN002.16","RL_4A_106640","Manual Review | 20 m","Manual Accept |"
"4AROC001.00","RL_4A_099884","Manual Review | 20 m","Manual Accept |"
"4ATWT000.32","RL_4A_106638","Manual Review | 20 m","Manual Accept |"
"4ATWT003.36","RL_4A_106676","Manual Review | 40 m","Manual Accept |"
"4AFAR000.66","RL_4A_106647","Manual Review | 20 m","Manual Accept |"
"4ALRO003.34","RL_4A_107473","Manual Review | 20 m","Manual Accept |"
"4AXVO000.50","RL_4A_136334","Manual Review | 40 m","Manual Accept |"
"4AXVO000.60","RL_4A_136334","Manual Review | 20 m","Manual Accept |"
"4ALRO010.18","RL_4A_137688","Manual Review | 40 m","Manual Accept |"
"4ALRO010.68","RL_4A_108668","Manual Review | 20 m","Manual Accept |"
"4AROA067.91","RL_4A_106130","Manual Review | 40 m","Manual Accept |"
"4AWFC002.12","RL_4A_107121","Manual Review | 60 m","Manual Accept |"
"4AROA073.71","RL_4A_106118","Manual Review | 20 m","Manual Accept |"
"4AROA076.57","RL_4A_106367","Manual Review | 20 m","Manual Accept |"
"4ARAC000.92","RL_4A_094802","Manual Review | 40 m","Manual Accept |"
"4ADAN015.30","RL_4A_094702","Manual Review | 40 m","Manual Accept |"
"4APDA000.35","RL_4A_094588","Manual Review | 40 m","Manual Accept |"
"4APND000.56","RL_4A_094565","Manual Review | 20 m","Manual Accept |"
"4AMRY000.82","RL_4A_093821","Manual Review | 40 m","Manual Accept |"
"4AMRY003.02","RL_4A_093769","Manual Review | 20 m","Manual Accept |"
"4AMRY003.58","RL_4A_093762","Manual Review | 20 m","Manual Accept |"
"4ALSN007.45","RL_4A_093774","Manual Review | 20 m","Manual Accept |"
"4ABIR001.00","RL_4A_093535","Manual Review | 20 m","Manual Accept |"
"4ABIR004.22","RL_4A_085423","Manual Review | 20 m","Manual Accept |"
"4AWNS004.02","RL_4A_084928","Manual Review | 20 m","Manual Accept |"
"4ABYR002.13","RL_4A_084915","Manual Review | 40 m","Manual Accept |"
"4ABYR002.47","RL_4A_084915","Manual Review | 20 m","Manual Accept |"
"4ADBC002.19","RL_4A_084766","Manual Review | 60 m","Manual Accept |"
"4ADAN042.01","RL_4A_084083","Manual Review | 40 m","Manual Accept |"
"4ATRR001.92","RL_4A_095855","Manual Review | 40 m","Manual Accept |"
"4APEC002.42","RL_4A_095192","Manual Review | 20 m","Manual Accept |"
"4ASNA000.20","RL_4A_095499","Manual Review | 20 m","Manual Accept |"
"4ABAN023.28","RL_4A_095520","Manual Review | 20 m","Manual Accept |"
"4ABDB000.75","RL_4A_095396","Manual Review | 20 m","Manual Accept |"
"4ABCD001.70","RL_4A_105734","Manual Review | 20 m","Manual Accept |"
"4ACBA000.22","RL_4A_102608","Manual Review | 20 m","Manual Accept |"
"4ATIP002.55","RL_4A_103505","Manual Review | 20 m","Manual Accept |"
"4ACRE002.52","RL_4A_103072","Manual Review | 20 m","Manual Accept |"
"4ACRE008.60","RL_4A_101699","Manual Review | 20 m","Manual Accept |"
"4ACRE008.75","RL_4A_101699","Manual Review | 20 m","Manual Accept |"
"4AROA097.46","RL_4A_102412","Manual Review | 20 m","Manual Accept |"
"4AFRV002.78","RL_4A_103315","Manual Review | 40 m","Manual Accept |"
"4ACUB010.96","RL_4A_106247","Manual Review | 60 m","Manual Accept |"
"4ATYS002.51","RL_4A_107796","Manual Review | 40 m","Manual Accept |"
"4ATYS002.96","RL_4A_107802","Manual Review | 20 m","Manual Accept |"
"4ALUB000.12","RL_4A_108223","Manual Review | 40 m","Manual Accept |"
"4ABUB000.06","RL_4A_108206","Manual Review | 40 m","Manual Accept |"
"4AENT001.64","RL_4A_104563","Manual Review | 20 m","Manual Accept |"
"4ALRV005.17","RL_4A_104783","Manual Review | 20 m","Manual Accept |"
"4AFRV007.57","RL_4A_104086","Manual Review | 40 m","Manual Accept |"
"4AFRV017.71","RL_4A_104511","Manual Review | 20 m","Manual Accept |"
"4AFRV017.85","RL_4A_104511","Manual Review | 20 m","Manual Accept |"
"4AFRV025.34","RL_4A_105241","Manual Review | 20 m","Manual Accept |"
"4AFRV029.24","RL_4A_118834","Manual Review | 20 m","Manual Accept |"
"4AHCK000.51","RL_4A_103940","Manual Review | 20 m","Manual Accept |"
"4AFSF000.66","RL_4A_104502","Manual Review | 20 m","Manual Accept |"
"4AMEY006.72","RL_4A_104314","Manual Review | 20 m","Manual Accept |"
"4AMEY007.76","RL_4A_104308","Manual Review | 20 m","Manual Accept |"
"4AFSF013.80","RL_4A_118149","Manual Review | 20 m","Manual Accept |"
"4AFSF015.01","RL_4A_118146","Manual Review | 20 m","Manual Accept |"
"4AWPP002.53","RL_4A_102252","Manual Review | 40 m","Manual Accept |"
"4AROA108.09","RL_4A_091426","Manual Review | 20 m","Manual Accept |"
"4ASSC002.98","RL_4A_091417","Manual Review | 40 m","Manual Accept |"
"4AFCA010.95","RL_4A_111599","Manual Review | 20 m","Manual Accept |"
"4AFCA001.40","RL_4A_092123","Manual Review | 40 m","Manual Accept |"
"4ATRB001.36","RL_4A_092122","Manual Review | 20 m","Manual Accept |"
"4ATRB000.97","RL_4A_092146","Manual Review | 20 m","Manual Accept |"
"4ABOR000.62","RL_4A_091780","Manual Review | 40 m","Manual Accept |"
"4AXCN000.31","RL_4A_091541","Manual Review | 20 m","Manual Accept |"
"4AXCN000.61","RL_4A_091553","Manual Review | 20 m","Manual Accept |"
"4AROA124.59","RL_4A_091826","Manual Review | 20 m","Manual Accept |"
"4ALYH000.50","RL_4A_091537","Manual Review | 20 m","Manual Accept |"
"4AROA129.55","RL_4A_091635","Manual Review | 20 m","Manual Accept |"
"4ARAB000.52","RL_4A_091542","Manual Review | 20 m","Manual Accept |"
"4ARAB003.64","RL_4A_090310","Manual Review | 20 m","Manual Accept |"
"4ARAB003.71","RL_4A_090310","Manual Review | 20 m","Manual Accept |"
"4AGSE000.20","RL_4A_089531","Manual Review | 20 m","Manual Accept |"
"4ARAB006.49","RL_4A_090231","Manual Review | 20 m","Manual Accept |"
"4ALLC002.18","RL_4A_090201","Manual Review | 20 m","Manual Accept |"
"4AOWC002.35","RL_4A_088444","Manual Review | 20 m","Manual Accept |"
"4ABLS002.11","RL_4A_090569","Manual Review | 20 m","Manual Accept |"
"4AEKH003.68","RL_4A_086985","Manual Review | 20 m","Manual Accept |"
"4ABAN039.76","RL_4A_090716","Manual Review | 20 m","Manual Accept |"
"4AFLY001.78","RL_4A_090052","Manual Review | 20 m","Manual Accept |"
"4ASNE005.30","RL_4A_090156","Manual Review | 20 m","Manual Accept |"
"4ASNE005.10","RL_4A_090156","Manual Review | 20 m","Manual Accept |"
"4AJSR000.53","RL_4A_086554","Manual Review | 20 m","Manual Accept |"
"4ALBR000.37","RL_4A_086590","Manual Review | 20 m","Manual Accept |"
"4ASCK003.10","RL_4A_086385","Manual Review | 20 m","Manual Accept |"
"2-CVA002.15","RL_2A_067060","Manual Review | 20 m","Manual Accept |"
"2-MIU000.77","RL_2A_069535","Manual Review | 60 m","Manual Accept |"
"2-BAR000.60","RL_2A_069176","Manual Review | 80 m","Manual Accept |"
"2-ZAK000.52","RL_2A_070289","Manual Review | 20 m","Manual Accept |"
"2AZAL002.11","RL_2A_066720","Manual Review | 20 m","Manual Accept |"
"2-XRA000.47","RL_2A_067046","Manual Review | 40 m","Manual Accept | CEDS coordinates were incorrect; WQS manually adjusted to correct location and correct WQS segment."
"2ACRG049.51","RL_2A_069421","Manual Review | 20 m","Manual Accept |"
"2-CRG047.95","RL_2A_069465","Manual Review | 20 m","Manual Accept |"
"2-DCK003.94","RL_2A_066160","Manual Review | 20 m","Manual Accept |"
"2-JOB029.50","RL_2A_064658","Manual Review | 20 m","Manual Accept |"
"2-JOB030.92","RL_2A_064537","Manual Review | 40 m","Manual Accept |"
"2-CRG074.47","RL_2A_064890","Manual Review | 20 m","Manual Accept |"
"2-CRG062.29","RL_2A_066094","Manual Review | 20 m","Manual Accept |"
"4ASLC002.75","RL_4A_084140","Manual Review | 40 m","Manual Accept |"
"4AXVQ000.77","RL_4A_083871","Manual Review | 40 m","Manual Accept |"
"4AXVQ000.97","RL_4A_083871","Manual Review | 20 m","Manual Accept |"
"4AXVP000.20","RL_4A_081562","Manual Review | 20 m","Manual Accept |"
"4AFAL000.92","RL_4A_081595","Manual Review | 20 m","Manual Accept |"
"4ADAN053.40","RL_4A_081493","Manual Review | 20 m","Manual Accept |"
"4APKP002.46","RL_4A_081449","Manual Review | 40 m","Manual Accept |"
"4ARUT000.45","RL_4A_081224","Manual Review | 20 m","Manual Accept |"
"4ADAN059.97","RL_4A_081298","Manual Review | 40 m","Manual Accept |"
"4ADAN066.41","RL_4A_080723","Manual Review | 80 m","Manual Accept |"
"4ASCR003.33","RL_4A_081342","Manual Review | 40 m","Manual Accept |"
"4ASCR007.06","RL_4A_081614","Manual Review | 20 m","Manual Accept |"
"4ASRV000.20","RL_4A_081399","Manual Review | 20 m","Manual Accept |"
"4AFAL006.61","RL_4A_081830","Manual Review | 40 m","Manual Accept |"
"4ALAW002.38","RL_4A_081812","Manual Review | 20 m","Manual Accept |"
"4ALAW002.43","RL_4A_081812","Manual Review | 20 m","Manual Accept |"
"4ASNA021.63","RL_4A_085676","Manual Review | 20 m","Manual Accept |"
"4ASDE002.18","RL_4A_085644","Manual Review | 20 m","Manual Accept |"
"4ASDE004.07","RL_4A_085639","Manual Review | 20 m","Manual Accept |"
"4AWOA002.43","RL_4A_082948","Manual Review | 40 m","Manual Accept |"
"4ABAN070.20","RL_4A_082224","Manual Review | 20 m","Manual Accept |"
"4ABKN000.52","RL_4A_082892","Manual Review | 40 m","Manual Accept |"
"4ACRR003.56","RL_4A_083085","Manual Review | 20 m","Manual Accept |"
"4ABAN057.85","RL_4A_083260","Manual Review | 40 m","Manual Accept |"
"4ABAN053.77","RL_4A_086292","Manual Review | 20 m","Manual Accept |"
"4AGEO007.12","RL_4A_089882","Manual Review | 20 m","Manual Accept |"
"4AGEO006.73","RL_4A_089870","Manual Review | 40 m","Manual Accept |"
"4AWRN005.50","RL_4A_086184","Manual Review | 60 m","Manual Accept |"
"4AWRN000.43","RL_4A_086474","Manual Review | 40 m","Manual Accept |"
"4AMIL002.17","RL_4A_086192","Manual Review | 20 m","Manual Accept |"
"4AMIL000.14","RL_4A_086180","Manual Review | 40 m","Manual Accept |"
"4AFAL006.58","RL_4A_081830","Manual Review | 40 m","Manual Accept |"
"4ATRO001.16","RL_4A_080406","Manual Review | 20 m","Manual Accept |"
"4ADAN075.22","RL_4A_056515","Manual Review | 20 m","Manual Accept |"
"4ACAS008.11","RL_4A_056394","Manual Review | 20 m","Manual Accept |"
"4ACAS006.64","RL_4A_056316","Manual Review | 20 m","Manual Accept |"
"4ACAS004.33","RL_4A_056315","Manual Review | 20 m","Manual Accept |"
"4ACAS003.45","RL_4A_056364","Manual Review | 20 m","Manual Accept |"
"4ACAS001.92","RL_4A_056346","Manual Review | 20 m","Manual Accept |"
"4ACEB000.59","RL_4A_056321","Manual Review | 20 m","Manual Accept |"
"4APMN001.01","RL_4A_056295","Manual Review | 20 m","Manual Accept |"
"4ASRE007.90","RL_4A_055859","Manual Review | 20 m","Manual Accept |"
"4ASRE006.91","RL_4A_055873","Manual Review | 40 m","Manual Accept |"
"2-XRD001.28","RL_2A_065865","Manual Review | 20 m","Manual Accept |"
"2-CAT025.14","RL_2A_069236","Manual Review | 20 m","Manual Accept |"
"2-LTQ000.64","RL_2A_069195","Manual Review | 20 m","Manual Accept |"
"2-CAT026.29","RL_2A_068099","Manual Review | 40 m","Manual Accept |"
"2-CAT027.64","RL_2A_068276","Manual Review | 20 m","Manual Accept |"
"2-HAM000.37","RL_2A_068201","Manual Review | 40 m","Manual Accept |"
"2-WIB000.94","RL_2A_070809","Manual Review | 20 m","Manual Accept |"
"2-XUL000.10","RL_2A_071930","Manual Review | 20 m","Manual Accept |"
"2-MIA006.09","RL_2A_071847","Manual Review | 20 m","Manual Accept |"
"2-MIA000.79","RL_2A_071880","Manual Review | 20 m","Manual Accept |"
"2-ELS000.08","RL_2A_071960","Manual Review | 40 m","Manual Accept |"
"2-JMS313.85","RL_2A_072411","Manual Review | 20 m","Manual Accept |"
"2-LMC000.40","RL_2A_072552","Manual Review | 40 m","Manual Accept |"
"2-JMS309.13","RL_2A_072682","Manual Review | 20 m","Manual Accept |"
"2-YST000.64","RL_2A_072558","Manual Review | 20 m","Manual Accept |"
"2-JES002.87","RL_2A_072484","Manual Review | 20 m","Manual Accept |"
"2-JES000.80","RL_2A_072955","Manual Review | 40 m","Manual Accept |"
"2-JMS302.85","RL_2A_072981","Manual Review | 60 m","Manual Accept |"
"2-NRT001.14","RL_2A_072542","Manual Review | 40 m","Manual Accept |"
"2AJMS299.39","RL_2A_072966","Manual Review | 40 m","Manual Accept |"
"2-JMS298.17","RL_2A_072951","Manual Review | 20 m","Manual Accept |"
"2-JMS297.28","RL_2A_110880","Manual Review | 20 m","Manual Accept |"
"4ASRV015.06","RL_4A_081001","Manual Review | 20 m","Manual Accept |"
"4ASSP002.44","RL_4A_056848","Manual Review | 20 m","Manual Accept |"
"4ATRD000.04","RL_4A_056750","Manual Review | 20 m","Manual Accept |"
"4ASRV022.99","RL_4A_057922","Manual Review | 20 m","Manual Accept |"
"4ASRW004.87","RL_4A_082058","Manual Review | 20 m","Manual Accept |"
"4AXWD000.31","RL_4A_058359","Manual Review | 20 m","Manual Accept |"
"4AXWD000.65","RL_4A_058359","Manual Review | 40 m","Manual Accept |"
"4AXMY000.22","RL_4A_058340","Manual Review | 20 m","Manual Accept |"
"4ABKN008.08","RL_4A_082608","Manual Review | 20 m","Manual Accept |"
"4ABKN008.26","RL_4A_082659","Manual Review | 20 m","Manual Accept |"
"4ACRR011.77","RL_4A_083320","Manual Review | 20 m","Manual Accept |"
"4ATCC003.71","RL_4A_058402","Manual Review | 40 m","Manual Accept |"
"4ASNW000.60","RL_4A_062144","Manual Review | 20 m","Manual Accept |"
"4ATMA001.46","RL_4A_087310","Manual Review | 40 m","Manual Accept |"
"4AHPN001.62","RL_4A_087515","Manual Review | 40 m","Manual Accept |"
"4APGG008.87","RL_4A_087633","Manual Review | 40 m","Manual Accept |"
"4AFRY006.08","RL_4A_087958","Manual Review | 20 m","Manual Accept |"
"4AJKN003.18","RL_4A_062008","Manual Review | 20 m","Manual Accept |"
"4ACEC001.24","RL_4A_087306","Manual Review | 20 m","Manual Accept |"
"4ACLA000.88","RL_4A_087715","Manual Review | 20 m","Manual Accept |"
"4ATER001.71","RL_4A_088383","Manual Review | 20 m","Manual Accept |"
"4ATER002.17","RL_4A_088391","Manual Review | 20 m","Manual Accept |"
"4ALOA000.62","RL_4A_087681","Manual Review | 20 m","Manual Accept |"
"9-NEW028.95","RL_09_042894","Manual Review | 20 m","Manual Accept |"
"9-NEW050.70","RL_09_043260","Manual Review | 40 m","Manual Accept | Coordinates are inaccurate in CEDS; WQS segment matched with correct station location."
"9-RHC002.85","RL_09_042656","Manual Review | 60 m","Manual Accept |"
"9-RHC000.08","RL_09_042680","Manual Review | 40 m","Manual Accept |"
"9-NEW030.15","RL_09_042929","Manual Review | 20 m","Manual Accept |"
"9-NEW034.99","RL_09_042913","Manual Review | 40 m","Manual Accept |"
"9-NEW038.71","RL_09_042882","Manual Review | 20 m","Manual Accept |"
"9-WFC017.31","RL_09_039346","Manual Review | 40 m","Manual Accept |"
"9-WFC011.05","RL_09_042592","Manual Review | 40 m","Manual Accept |"
"9-WFC010.66","RL_09_042618","Manual Review | 20 m","Manual Accept |"
"9-WFC005.61","RL_09_042628","Manual Review | 20 m","Manual Accept |"
"9-WFC003.69","RL_09_042831","Manual Review | 20 m","Manual Accept |"
"9-WFC000.20","RL_09_042852","Manual Review | 20 m","Manual Accept |"
"9-SNC000.20","RL_09_043077","Manual Review | 40 m","Manual Accept |"
"9-SNC002.88","RL_09_042976","Manual Review | 20 m","Manual Accept |"
"9-SNC002.58","RL_09_043039","Manual Review | 20 m","Manual Accept |"
"9-LCR000.51","RL_09_064170","Manual Review | 20 m","Manual Accept |"
"9-LRY007.02","RL_09_064159","Manual Review | 20 m","Manual Accept |"
"9-LRY011.64","RL_09_064123","Manual Review | 20 m","Manual Accept |"
"9-LRY000.28","RL_09_043016","Manual Review | 20 m","Manual Accept |"
"9-SGG000.52","RL_09_042024","Manual Review | 20 m","Manual Accept |"
"9-WLK008.22","RL_09_043205","Manual Review | 40 m","Manual Accept |"
"4ACCK004.26","RL_4A_088638","Manual Review | 20 m","Manual Accept |"
"4AXUO000.49","RL_4A_063333","Manual Review | 20 m","Manual Accept |"
"4ACMC001.58","RL_4A_088845","Manual Review | 20 m","Manual Accept |"
"4ABAC002.57","RL_4A_089420","Manual Review | 20 m","Manual Accept |"
"4AGSE013.78","RL_4A_088912","Manual Review | 20 m","Manual Accept |"
"4AMWW004.53","RL_4A_089019","Manual Review | 20 m","Manual Accept |"
"4ABDA004.14","RL_4A_062956","Manual Review | 20 m","Manual Accept |"
"4ASBA008.39","RL_4A_063559","Manual Review | 20 m","Manual Accept |"
"4ASBA004.54","RL_4A_063599","Manual Review | 20 m","Manual Accept |"
"4AGSE021.57","RL_4A_089164","Manual Review | 20 m","Manual Accept |"
"4AFNG003.54","RL_4A_089664","Manual Review | 20 m","Manual Accept |"
"4ABOR016.26","RL_4A_089789","Manual Review | 40 m","Manual Accept |"
"4ABWA002.00","RL_4A_091924","Manual Review | 20 m","Manual Accept |"
"4AMCR004.60","RL_4A_089226","Manual Review | 40 m","Manual Accept |"
"4ALOR005.92","RL_4A_109924","Manual Review | 20 m","Manual Accept |"
"4ABOR024.46","RL_4A_110054","Manual Review | 20 m","Manual Accept |"
"4ABOR030.56","RL_4A_110333","Manual Review | 20 m","Manual Accept |"
"4ABOR031.30","RL_4A_110329","Manual Review | 20 m","Manual Accept |"
"4AECR003.02","RL_4A_109971","Manual Review | 20 m","Manual Accept |"
"4ALOR014.75","RL_4A_109351","Manual Review | 20 m","Manual Accept |"
"4ASEE003.16","RL_4A_071445","Manual Review | 20 m","Manual Accept |"
"4ABOE004.86","RL_4A_071094","Manual Review | 20 m","Manual Accept |"
"4ABOE001.34","RL_4A_071084","Manual Review | 20 m","Manual Accept |"
"4AGSE037.78","RL_4A_071073","Manual Review | 20 m","Manual Accept |"
"4AXOL000.94","RL_4A_071112","Manual Review | 20 m","Manual Accept |"
"4AXOH000.06","RL_4A_070510","Manual Review | 20 m","Manual Accept |"
"4AGSF002.16","RL_4A_070964","Manual Review | 20 m","Manual Accept |"
"4ANOT001.06","RL_4A_110106","Manual Review | 20 m","Manual Accept |"
"4AXOJ001.34","RL_4A_111199","Manual Review | 20 m","Manual Accept |"
"4AXOJ000.60","RL_4A_111199","Manual Review | 20 m","Manual Accept |"
"4AOST002.01","RL_4A_110529","Manual Review | 20 m","Manual Accept |"
"9-NEW056.22","RL_09_064055","Manual Review | 20 m","Manual Accept |"
"9-NEW058.93","RL_09_050025","Manual Review | 20 m","Manual Accept |"
"9-NEW063.06","RL_09_050031","Manual Review | 60 m","Manual Accept |"
"9-TOM005.32","RL_09_049899","Manual Review | 20 m","Manual Accept |"
"9-TOM011.49","RL_09_050396","Manual Review | 20 m","Manual Accept |"
"9-WLK016.94","RL_09_042214","Manual Review | 20 m","Manual Accept |"
"4AMTR010.33","RL_4A_053977","Manual Review | 20 m","Manual Accept |"
"4AMRR000.75","RL_4A_055695","Manual Review | 20 m","Manual Accept |"
"4AMRR000.02","RL_4A_055762","Manual Review | 20 m","Manual Accept |"
"4ASRE019.00","RL_4A_055765","Manual Review | 20 m","Manual Accept |"
"4ASRE039.43","RL_4A_054630","Manual Review | 20 m","Manual Accept |"
"4ASRE038.57","RL_4A_054641","Manual Review | 20 m","Manual Accept |"
"4ASRE033.19","RL_4A_054184","Manual Review | 20 m","Manual Accept |"
"4ASRE031.00","RL_4A_054202","Manual Review | 40 m","Manual Accept |"
"4ASRE024.30","RL_4A_054305","Manual Review | 20 m","Manual Accept |"
"4ASRE022.90","RL_4A_056105","Manual Review | 20 m","Manual Accept |"
"4ASRE022.30","RL_4A_056078","Manual Review | 20 m","Manual Accept |"
"4ALWD002.54","RL_4A_056077","Manual Review | 20 m","Manual Accept |"
"4AMCH000.53","RL_4A_054218","Manual Review | 20 m","Manual Accept |"
"4AMBY001.51","RL_4A_055995","Manual Review | 20 m","Manual Accept |"
"4ALWD011.03","RL_4A_056185","Manual Review | 20 m","Manual Accept |"
"4ABAU000.25","RL_4A_054223","Manual Review | 20 m","Manual Accept |"
"4AJCR000.42","RL_4A_054234","Manual Review | 20 m","Manual Accept |"
"4ADEL001.35","RL_4A_054092","Manual Review | 20 m","Manual Accept |"
"4AXMP000.44","RL_4A_054217","Manual Review | 20 m","Manual Accept |"
"4ALWF004.32","RL_4A_057124","Manual Review | 20 m","Manual Accept |"
"4ALWD016.84","RL_4A_057129","Manual Review | 20 m","Manual Accept |"
"4ABAU011.17","RL_4A_056889","Manual Review | 20 m","Manual Accept |"
"4ATWN000.22","RL_4A_054650","Manual Review | 40 m","Manual Accept |"
"4AMSA000.02","RL_4A_054624","Manual Review | 20 m","Manual Accept |"
"4APGG077.15","RL_4A_058633","Manual Review | 20 m","Manual Accept |"
"4APGG068.49","RL_4A_059288","Manual Review | 20 m","Manual Accept |"
"4APGG063.32","RL_4A_059282","Manual Review | 20 m","Manual Accept |"
"4APGG052.73","RL_4A_059395","Manual Review | 20 m","Manual Accept |"
"4APGG030.62","RL_4A_061282","Manual Review | 20 m","Manual Accept |"
"4AROT000.81","RL_4A_055326","Manual Review | 20 m","Manual Accept |"
"4AROT000.08","RL_4A_055363","Manual Review | 20 m","Manual Accept |"
"4ACNT022.93","RL_4A_055475","Manual Review | 20 m","Manual Accept |"
"4ACNT017.37","RL_4A_055592","Manual Review | 20 m","Manual Accept |"
"4ASNW016.24","RL_4A_057501","Manual Review | 20 m","Manual Accept |"
"4AXWL001.84","RL_4A_058095","Manual Review | 20 m","Manual Accept |"
"4APAA000.71","RL_4A_061973","Manual Review | 20 m","Manual Accept |"
"4ACNT001.32","RL_4A_061290","Manual Review | 20 m","Manual Accept |"
"4ALNF006.42","RL_4A_059174","Manual Review | 20 m","Manual Accept |"
"4ASDA004.94","RL_4A_059190","Manual Review | 20 m","Manual Accept |"
"4ASDA004.19","RL_4A_059147","Manual Review | 20 m","Manual Accept |"
"4ASDA000.67","RL_4A_059152","Manual Review | 20 m","Manual Accept |"
"9-WLK030.56","RL_09_041710","Manual Review | 20 m","Manual Accept |"
"9-WLK033.29","RL_09_041200","Manual Review | 20 m","Manual Accept |"
"9-WLK033.90","RL_09_041251","Manual Review | 20 m","Manual Accept |"
"9-LWK004.04","RL_09_041470","Manual Review | 40 m","Manual Accept |"
"9-LWK013.93","RL_09_039597","Manual Review | 20 m","Manual Accept |"
"9-LWK023.25","RL_09_038021","Manual Review | 20 m","Manual Accept |"
"9-BCK015.88","RL_09_041289","Manual Review | 20 m","Manual Accept |"
"9-PLK000.79","RL_09_040378","Manual Review | 20 m","Manual Accept |"
"9-PLK001.39","RL_09_040373","Manual Review | 20 m","Manual Accept |"
"9-TCK000.50","RL_09_040499","Manual Review | 20 m","Manual Accept |"
"9-PKC011.11","RL_09_040571","Manual Review | 60 m","Manual Accept |"
"9-PKC009.53","RL_09_040575","Manual Review | 20 m","Manual Accept |"
"9-PKC010.19","RL_09_040573","Manual Review | 40 m","Manual Accept |"
"9-VLY000.64","RL_09_040532","Manual Review | 20 m","Manual Accept |"
"9-PKC007.82","RL_09_040514","Manual Review | 20 m","Manual Accept |"
"9-XFQ000.77","RL_09_040557","Manual Review | 20 m","Manual Accept |"
"9-NEW070.80","RL_09_050027","Manual Review | 20 m","Manual Accept |"
"9-NEW075.53","RL_09_049799","Manual Review | 20 m","Manual Accept |"
"9-CBC001.00","RL_09_049603","Manual Review | 40 m","Manual Accept |"
"9-SLT000.50","RL_09_049979","Manual Review | 20 m","Manual Accept |"
"9-STE002.41","RL_09_049978","Manual Review | 20 m","Manual Accept |"
"9-STE007.29","RL_09_050487","Manual Review | 20 m","Manual Accept |"
"9-SLT004.49","RL_09_050508","Manual Review | 20 m","Manual Accept |"
"9-CBC007.55","RL_09_050116","Manual Review | 20 m","Manual Accept |"
"9-PLM000.60","RL_09_049593","Manual Review | 20 m","Manual Accept |"
"9-NEW079.19","RL_09_049796","Manual Review | 60 m","Manual Accept |"
"9-NEW081.72","RL_09_049817","Manual Review | 20 m","Manual Accept |"
"9-CNL000.01","RL_09_049659","Manual Review | 20 m","Manual Accept |"
"9-CNL000.06","RL_09_049659","Manual Review | 40 m","Manual Accept |"
"9-NEW083.29","RL_09_049819","Manual Review | 20 m","Manual Accept |"
"9-NEW084.34","RL_09_049785","Manual Review | 20 m","Manual Accept |"
"9-MLC001.53","RL_09_048685","Manual Review | 20 m","Manual Accept |"
"9-LRV009.11","RL_09_048616","Manual Review | 20 m","Manual Accept |"
"9-LRV012.58","RL_09_048817","Manual Review | 20 m","Manual Accept |"
"9-LRV012.98","RL_09_048819","Manual Review | 20 m","Manual Accept |"
"9-BIC000.14","RL_09_048387","Manual Review | 20 m","Manual Accept |"
"9-LRV016.68","RL_09_048821","Manual Review | 20 m","Manual Accept |"
"9-BIC002.81","RL_09_048396","Manual Review | 20 m","Manual Accept |"
"9-NEW107.50","RL_09_040274","Manual Review | 20 m","Manual Accept |"
"9-NEW107.51","RL_09_040274","Manual Review | 40 m","Manual Accept |"
"9-WTK000.97","RL_09_040761","Manual Review | 20 m","Manual Accept |"
"9-SNK012.06","RL_09_064512","Manual Review | 40 m","Manual Accept |"
"9-BSH000.05","RL_09_049479","Manual Review | 20 m","Manual Accept |"
"9-BVR001.70","RL_09_048904","Manual Review | 40 m","Manual Accept |"
"9-BVR001.84","RL_09_048904","Manual Review | 20 m","Manual Accept |"
"9-LWF004.55","RL_09_050930","Manual Review | 20 m","Manual Accept |"
"9-DDD001.00","RL_09_050734","Manual Review | 20 m","Manual Accept |"
"9-LRV044.49","RL_09_050957","Manual Review | 20 m","Manual Accept |"
"9-LRV065.57","RL_09_051476","Manual Review | 20 m","Manual Accept |"
"9-XEM000.30","RL_09_047456","Manual Review | 20 m","Manual Accept |"
"9-HWL004.86","RL_09_045545","Manual Review | 20 m","Manual Accept |"
"9-PKC007.80","RL_09_040514","Manual Review | 20 m","Manual Accept |"
"4ABWR028.90","RL_4A_061577","Manual Review | 20 m","Manual Accept |"
"4ABWR054.81","RL_4A_059725","Manual Review | 20 m","Manual Accept |"
"4ABWR061.20","RL_4A_059102","Manual Review | 20 m","Manual Accept |"
"4ADRU002.43","RL_4A_058866","Manual Review | 20 m","Manual Accept |"
"4ABNR000.40","RL_4A_058849","Manual Review | 20 m","Manual Accept |"
"4AXOK000.29","RL_4A_059936","Manual Review | 20 m","Manual Accept |"
"4ABCE001.32","RL_4A_059459","Manual Review | 20 m","Manual Accept |"
"4ALLE005.22","RL_4A_059484","Manual Review | 40 m","Manual Accept |"
"4ATEL001.02","RL_4A_059449","Manual Review | 20 m","Manual Accept |"
"4AMEE004.90","RL_4A_062784","Manual Review | 20 m","Manual Accept |"
"4AGIL010.54","RL_4A_062595","Manual Review | 20 m","Manual Accept |"
"4AMEE016.75","RL_4A_060368","Manual Review | 40 m","Manual Accept |"
"4AMEE017.24","RL_4A_060423","Manual Review | 40 m","Manual Accept |"
"4AGNF002.84","RL_4A_060455","Manual Review | 20 m","Manual Accept |"
"4ALVL001.11","RL_4A_063219","Manual Review | 40 m","Manual Accept |"
"4ABAA000.03","RL_4A_060879","Manual Review | 20 m","Manual Accept |"
"4ABAA000.30","RL_4A_060822","Manual Review | 40 m","Manual Accept |"
"4ABAA023.07","RL_4A_060138","Manual Review | 20 m","Manual Accept |"
"4ABAA017.14","RL_4A_060092","Manual Review | 20 m","Manual Accept |"
"4AMDL002.93","RL_4A_060121","Manual Review | 20 m","Manual Accept |"
"4AROA198.08","RL_4A_063155","Manual Review | 40 m","Manual Accept |"
"4AROA202.20","RL_4A_060897","Manual Review | 20 m","Manual Accept |"
"4AROA216.75","RL_4A_065793","Manual Review | 20 m","Manual Accept |"
"4AWOR000.34","RL_4A_060721","Manual Review | 20 m","Manual Accept |"
"4ATKR000.08","RL_4A_060912","Manual Review | 20 m","Manual Accept |"
"4ATKR000.69","RL_4A_068607","Manual Review | 40 m","Manual Accept |"
"4ATKR003.03","RL_4A_068602","Manual Review | 20 m","Manual Accept |"
"4APEE001.16","RL_4A_067968","Manual Review | 20 m","Manual Accept |"
"4AMSN000.67","RL_4A_067943","Manual Review | 20 m","Manual Accept |"
"4ATKR009.30","RL_4A_068619","Manual Review | 20 m","Manual Accept |"
"4ATKR014.16","RL_4A_068803","Manual Review | 20 m","Manual Accept |"
"4ADEE000.06","RL_4A_068487","Manual Review | 20 m","Manual Accept |"
"4ACRV005.10","RL_4A_068462","Manual Review | 20 m","Manual Accept |"
"4ABTM008.05","RL_4A_052381","Manual Review | 20 m","Manual Accept |"
"4ABTM008.98","RL_4A_052353","Manual Review | 20 m","Manual Accept |"
"4ABLG001.95","RL_4A_052442","Manual Review | 20 m","Manual Accept |"
"4ABLG000.24","RL_4A_052398","Manual Review | 20 m","Manual Accept |"
"4AGOS000.71","RL_4A_052574","Manual Review | 20 m","Manual Accept |"
"4ABTM000.04","RL_4A_052579","Manual Review | 20 m","Manual Accept |"
"4AELT000.86","RL_4A_051813","Manual Review | 40 m","Manual Accept |"
"4ARNF013.66","RL_4A_052124","Manual Review | 20 m","Manual Accept |"
"4ARNF016.80","RL_4A_052109","Manual Review | 20 m","Manual Accept |"
"4ASIT001.46","RL_4A_064925","Manual Review | 20 m","Manual Accept |"
"4ARNF002.97","RL_4A_052305","Manual Review | 20 m","Manual Accept |"
"4AROA226.64","RL_4A_052939","Manual Review | 20 m","Manual Accept |"
"4AROA226.86","RL_4A_052939","Manual Review | 20 m","Manual Accept |"
"4AROA227.42","RL_4A_052908","Manual Review | 20 m","Manual Accept |"
"4AXNB000.60","RL_4A_065573","Manual Review | 40 m","Manual Accept |"
"4ASOO002.56","RL_4A_046554","Manual Review | 20 m","Manual Accept |"
"4ARSL003.20","RL_4A_046337","Manual Review | 20 m","Manual Accept |"
"4APRS008.76","RL_4A_045704","Manual Review | 20 m","Manual Accept |"
"4ASMR027.44","RL_4A_045941","Manual Review | 20 m","Manual Accept |"
"4ARCH000.72","RL_4A_046244","Manual Review | 20 m","Manual Accept |"
"4APBA003.71","RL_4A_046839","Manual Review | 20 m","Manual Accept |"
"4AHRN004.93","RL_4A_053294","Manual Review | 40 m","Manual Accept |"
"4ASMR016.09","RL_4A_046651","Manual Review | 60 m","Manual Accept |"
"4ABIR011.55","RL_4A_084421","Manual Review | 40 m","Manual Accept |"
"4ABAR000.32","RL_4A_085964","Manual Review | 20 m","Manual Accept |"
"4ADAN169.57","RL_4A_044094","Manual Review | 40 m","Manual Accept |"
"4ADAN183.06","RL_4A_044297","Manual Review | 40 m","Manual Accept |"
"4ADAN199.71","RL_4A_044336","Manual Review | 20 m","Manual Accept |"
"4ADAN205.79","RL_4A_045185","Manual Review | 40 m","Manual Accept |"
"4APEC006.49","RL_4A_095011","Manual Review | 20 m","Manual Accept |"
"4ALDR002.61","RL_4A_044191","Manual Review | 40 m","Manual Accept |"
"4AELK005.44","RL_4A_045779","Manual Review | 40 m","Manual Accept |"
"4ASRE063.69","RL_4A_048216","Manual Review | 20 m","Manual Accept |"
"4ASRE069.46","RL_4A_047758","Manual Review | 40 m","Manual Accept |"
"4ASRE075.69","RL_4A_047286","Manual Review | 40 m","Manual Accept |"
"4ASYC002.02","RL_4A_047640","Manual Review | 80 m","Manual Accept |"
"4AGOB005.18","RL_4A_047914","Manual Review | 20 m","Manual Accept |"
"4ARCC008.86","RL_4A_047024","Manual Review | 20 m","Manual Accept |"
"4ARCC006.89","RL_4A_047073","Manual Review | 40 m","Manual Accept |"
"4ALWC000.67","RL_4A_047343","Manual Review | 20 m","Manual Accept |"
"4ASOT000.99","RL_4A_048037","Manual Review | 40 m","Manual Accept |"
"4ASOT002.90","RL_4A_047949","Manual Review | 20 m","Manual Accept |"
"4ANCH001.23","RL_4A_054728","Manual Review | 40 m","Manual Accept |"
"4ARBC005.93","RL_4A_047953","Manual Review | 20 m","Manual Accept |"
"4APGG003.29","RL_4A_087631","Manual Review | 20 m","Manual Accept |"
"4ARBC005.44","RL_4A_047984","Manual Review | 60 m","Manual Accept |"
"4ASNF007.64","RL_4A_046033","Manual Review | 40 m","Manual Accept |"
"4ASRE046.90","RL_4A_054521","Manual Review | 40 m","Manual Accept | RL_4A_054664"
"4ASRE046.90","RL_4A_054664","Manual Review | 40 m","Manual Accept | RL_4A_054664"
"4ASRE043.54","RL_4A_054662","Manual Review | 20 m","Manual Accept |"
"4AREE000.80","RL_4A_054940","Manual Review | 20 m","Manual Accept |"
"4ASRW002.32","RL_4A_082033","Manual Review | 20 m","Manual Accept |"
"4ASRE015.43","RL_4A_055957","Manual Review | 40 m","Manual Accept |"
"4ASOO003.12","RL_4A_046540","Manual Review | 20 m","Manual Accept |"
"4ACUB002.21","RL_4A_106204","Manual Review | 20 m","Manual Accept |"
"4ATWT006.40","RL_4A_106928","Manual Review | 40 m","Manual Accept |"
"4ADAN028.90","RL_4A_085545","Manual Review | 20 m","Manual Accept |"
"4ADAN021.36","RL_4A_093912","Manual Review | 20 m","Manual Accept |"
"4AHYC016.70","RL_4A_094219","Manual Review | 20 m","Manual Accept |"
"4ABMA005.64","RL_4A_097996","Manual Review | 20 m","Manual Accept |"
"4ABST013.64","RL_4A_100278","Manual Review | 20 m","Manual Accept |"
"4ACTT000.70","RL_4A_132010","Manual Review | 20 m","Manual Accept |"
"4ADAN187.94","RL_4A_044582","Manual Review | 60 m","Manual Accept | attributed to WQS in Townes Reservoir"
"2BJMS255.91","RL_2B_112817","Manual Review | No connections within 80 m","Manual Accept |"
"2BACH000.09","RL_2B_118377","Manual Review | No connections within 80 m","Manual Accept | BRRO needs to reconcile coordinates"
"2BECH000.53","RL_2B_116212","Manual Review | No connections within 80 m","Manual Accept |"
"2-JOB000.39","RL_2A_066824","Manual Review | No connections within 80 m","Manual Accept | BRRO staff to reconcile coordinates"
"2-MEO000.38","RL_2A_066688","Manual Review | No connections within 80 m","Manual Accept | Station coordinates incorrect; CEDS is correct."
"2-CAT023.83","RL_2A_069450","Manual Review | No connections within 80 m","Manual Accept | Station coordinates are incorrect; CEDS is correct."
"2AJMS298.41","RL_2A_072986","Manual Review | No connections within 80 m","Manual Accept | Coordinates slightly different from CEDS"
"9-NEW035.25","RL_09_042913","Manual Review | No connections within 80 m","Manual Accept |"
"9-NEW066.90","RL_09_050050","Manual Review | No connections within 80 m","Manual Accept |"
"4ARSF000.88","RL_4A_052883","Manual Review | No connections within 80 m","Manual Accept |"
"4AMSN000.53","RL_4A_067943","Manual Review | No connections within 80 m","Manual Accept |"
"4ALBC002.44","RL_4A_060106","Manual Review | No connections within 80 m","Manual Accept | Station coordinates are incorrect; CEDS is correct."
"4ANMR002.60","RL_4A_053233","Manual Review | No connections within 80 m","Manual Accept |"
"4AMAY018.17","RL_4A_053161","Manual Review | No connections within 80 m","Manual Accept | Station is in NC and therefore not assessed. Associated in ADB with Fall Cr. AU."
"4ARUT002.04","RL_4A_081224","Manual Review | No connections within 80 m","Manual Accept |"
"4ACAN000.80","RL_4A_083981","Manual Review | No connections within 80 m","Manual Accept |"
"4ADAN042.80","RL_4A_084092","Manual Review | No connections within 80 m","Manual Accept |"
"4APWL001.11","RL_4A_093332","Manual Review | No connections within 80 m","Manual Accept |"
"4ASMI003.58","RL_4A_132019","Manual Review | No connections within 80 m","Manual Accept |"
"4ACOX007.50","RL_4A_133769","Manual Review | No connections within 80 m","Manual Accept | Station coordinates are way off; will fix in CEDS."
"9-RHC001.17","RL_09_042674","Manual Review | No connections within 80 m","Manual Accept | future station added by EVJ"
"4ATKR002.26","RL_4A_068602","Manual Review | No connections within 80 m","Manual Accept | future station added by EVJ"
"1AAUA012.15","LP_1A_041133","Manual Review | NA","Manual Accept |"
"1AAUA012.55","LP_1A_041133","Manual Review | NA","Manual Accept |"
"1ABED000.19","LP_1A_041133","Manual Review | NA","Manual Accept |"
"1ALOH007.93","LP_1A_030288","Manual Review | NA","Manual Accept |"
"1ALOH001.51","LP_1A_030287","Manual Review | NA","Manual Accept |"
"1APOM013.02","LP_1A_030287","Manual Review | NA","Manual Accept |"
"1ASOH006.66","LP_1A_041507","Manual Review | NA","Manual Accept |"
"1ASOH007.26","LP_1A_041507","Manual Review | NA","Manual Accept |"
"3-MTN028.68","LP_03_027678","Manual Review | NA","Manual Accept |"
"3-MTN029.08","LP_03_027681","Manual Review | NA","Manual Accept |"
"3-MTN024.05","LP_03_027679","Manual Review | NA","Manual Accept |"
"3-MTN025.04","LP_03_027679","Manual Review | NA","Manual Accept |"
"3-HNT000.92","LP_03_029276","Manual Review | NA","Manual Accept |"
"3-HNT002.09","LP_03_029276","Manual Review | NA","Manual Accept |"
"3-MOT000.39","LP_03_029160","Manual Review | NA","Manual Accept |"
"3-MOT001.19","LP_03_029160","Manual Review | NA","Manual Accept |"
"8-NIR012.99","LP_08_029479","Manual Review | NA","Manual Accept |"
"8-NIR014.27","LP_08_029479","Manual Review | NA","Manual Accept |"
"8-CLC003.48","LP_08_027349","Manual Review | NA","Manual Accept |"
"8-CLC004.28","LP_08_027349","Manual Review | NA","Manual Accept |"
"8-NTH003.92","LP_08_028415","Manual Review | NA","Manual Accept |"
"8-PMC007.15","LP_08_028560","Manual Review | NA","Manual Accept |"
"8-PMC007.98","LP_08_028560","Manual Review | NA","Manual Accept |"
"8-TRY001.39","LP_08_028560","Manual Review | NA","Manual Accept |"
"8-PMC002.13","LP_08_028560","Manual Review | NA","Manual Accept |"
"8-PMC003.18","LP_08_028560","Manual Review | NA","Manual Accept |"
"8-NAR058.01","LP_08_028560","Manual Review | NA","Manual Accept |"
"8-NAR052.59","LP_08_028560","Manual Review | NA","Manual Accept |"
"8-NAR054.17","LP_08_028560","Manual Review | NA","Manual Accept |"
"8-NAR056.36","LP_08_028560","Manual Review | NA","Manual Accept |"
"8-NAR058.53","LP_08_028560","Manual Review | NA","Manual Accept |"
"8-NAR050.90","LP_08_028560","Manual Review | NA","Manual Accept |"
"8-NAR034.92","LP_08_028560","Manual Review | NA","Manual Accept |"
"8-NAR037.22","LP_08_028560","Manual Review | NA","Manual Accept |"
"8-NAR043.00","LP_08_028560","Manual Review | NA","Manual Accept |"
"8-CON002.32","LP_08_028560","Manual Review | NA","Manual Accept |"
"8-CON003.53","LP_08_028560","Manual Review | NA","Manual Accept |"
"8-NAR044.68","LP_08_028560","Manual Review | NA","Manual Accept |"
"8-NAR047.69","LP_08_028560","Manual Review | NA","Manual Accept |"
"1ABEE000.40","LP_1A_034564","Manual Review | NA","Manual Accept |"
"1ABEE001.40","LP_1A_034564","Manual Review | NA","Manual Accept |"
"1ADUT000.62","RL_1A_246875","Manual Review | 20 m","Manual Accept |"
"1ADUT002.72","RL_1A_246982","Manual Review | 20 m","Manual Accept |"
"1AQUR001.96","RL_1A_246934","Manual Review | 20 m","Manual Accept |"
"1ACAX008.61","RL_1A_246740","Manual Review | 20 m","Manual Accept |"
"1ACAX004.57","RL_1A_246753","Manual Review | 40 m","Manual Accept |"
"1ACLK002.40","RL_1A_246592","Manual Review | 20 m","Manual Accept |"
"1ANOC009.37","RL_1A_245737","Manual Review | 20 m","Manual Accept |"
"1ANOC004.38","RL_1A_245728","Manual Review | 20 m","Manual Accept |"
"1ANOC004.98","RL_1A_245695","Manual Review | 20 m","Manual Accept |"
"1ASIM000.42","RL_1A_244745","Manual Review | 20 m","Manual Accept |"
"1ADRL001.00","RL_1A_246236","Manual Review | 20 m","Manual Accept |"
"1ACAC000.16","RL_1A_246191","Manual Review | 20 m","Manual Accept |"
"1AGOO002.38","RL_1A_246397","Manual Review | 20 m","Manual Accept |"
"1AGOO011.23","RL_1A_244271","Manual Review | 20 m","Manual Accept |"
"1AHOW003.68","RL_1A_243597","Manual Review | 20 m","Manual Accept |"
"1ASYC002.03","RL_1A_244047","Manual Review | 20 m","Manual Accept |"
"1ABEM000.60","RL_1A_316654","Manual Review | 20 m","Manual Accept |"
"1ABRB015.38","RL_1A_243839","Manual Review | 20 m","Manual Accept |"
"1ASOR000.59","RL_1A_243847","Manual Review | 20 m","Manual Accept |"
"1ALIV012.12","RL_1A_242620","Manual Review | 20 m","Manual Accept |"
"1ACRM001.20","RL_1A_239674","Manual Review | 20 m","Manual Accept |"
"1ACRM004.09","RL_1A_239646","Manual Review | 20 m","Manual Accept |"
"1ANOB000.75","RL_1A_240396","Manual Review | 20 m","Manual Accept |"
"1ANOG005.69","RL_1A_243160","Manual Review | 20 m","Manual Accept |"
"1ACRF001.18","RL_1A_245584","Manual Review | 20 m","Manual Accept |"
"1AGOO036.61","RL_1A_240015","Manual Review | 20 m","Manual Accept |"
"1AGOO039.63","RL_1A_239966","Manual Review | 20 m","Manual Accept |"
"1AGAR002.24","RL_1A_239017","Manual Review | 20 m","Manual Accept |"
"1AFRY000.60","RL_1A_316160","Manual Review | 20 m","Manual Accept |"
"1ASAN001.45","RL_1A_316205","Manual Review | 20 m","Manual Accept |"
"1ASAN000.34","RL_1A_316214","Manual Review | 40 m","Manual Accept |"
"1ACUB011.25","RL_1A_316116","Manual Review | 20 m","Manual Accept |"
"1ACUB008.60","RL_1A_315329","Manual Review | 20 m","Manual Accept |"
"1AELC004.49","RL_1A_242366","Manual Review | 20 m","Manual Accept |"
"1AELC003.73","RL_1A_242403","Manual Review | 20 m","Manual Accept |"
"1AELC001.39","RL_1A_315371","Manual Review | 20 m","Manual Accept |"
"1ADEA000.08","RL_1A_316202","Manual Review | 20 m","Manual Accept |"
"1AFLL000.88","RL_1A_315332","Manual Review | 60 m","Manual Accept |"
"1ADIF000.86","RL_1A_316875","Manual Review | 20 m","Manual Accept |"
"1AROE000.38","RL_1A_316877","Manual Review | 20 m","Manual Accept |"
"1APIR003.69","RL_1A_316833","Manual Review | 40 m","Manual Accept |"
"1APIM000.15","RL_1A_317722","Manual Review | 20 m","Manual Accept |"
"1ATRI003.66","RL_1A_317549","Manual Review | 20 m","Manual Accept |"
"1ATRI002.75","RL_1A_317549","Manual Review | 40 m","Manual Accept |"
"1ATRI002.25","RL_1A_317549","Manual Review | 60 m","Manual Accept |"
"1ATRI001.50","RL_1A_317540","Manual Review | 40 m","Manual Accept |"
"1AHOR005.48","RL_1A_317532","Manual Review | 20 m","Manual Accept |"
"1AFOU005.16","RL_1A_317554","Manual Review | 40 m","Manual Accept |"
"1AFOU004.22","RL_1A_317525","Manual Review | 40 m","Manual Accept |"
"1AJEE004.84","RL_1A_240256","Manual Review | 20 m","Manual Accept |"
"1AJEE002.22","RL_1A_240178","Manual Review | 20 m","Manual Accept |"
"1APAE004.21","RL_1A_239673","Manual Review | 20 m","Manual Accept |"
"1AJEE000.23","RL_1A_240200","Manual Review | 20 m","Manual Accept |"
"1AGOO030.75","RL_1A_240022","Manual Review | 60 m","Manual Accept |"
"1ACRA000.42","RL_1A_239039","Manual Review | 20 m","Manual Accept |"
"1AXJI000.38","RL_1A_232052","Manual Review | 20 m","Manual Accept |"
"1ABRU026.40","RL_1A_241116","Manual Review | 20 m","Manual Accept |"
"1ACAA001.18","RL_1A_241998","Manual Review | 20 m","Manual Accept |"
"1ALII006.75","RL_1A_242077","Manual Review | 20 m","Manual Accept |"
"1ALII001.07","RL_1A_242535","Manual Review | 20 m","Manual Accept |"
"1AXOB000.23","RL_1A_242068","Manual Review | 40 m","Manual Accept |"
"1AXOB000.17","RL_1A_242068","Manual Review | 40 m","Manual Accept |"
"1ACER030.62","RL_1A_223596","Manual Review | 20 m","Manual Accept |"
"1AKET012.22","RL_1A_240810","Manual Review | 40 m","Manual Accept |"
"1AKET012.03","RL_1A_240810","Manual Review | 20 m","Manual Accept |"
"1AMIE002.54","RL_1A_240809","Manual Review | 40 m","Manual Accept |"
"1AKET003.77","RL_1A_227690","Manual Review | 20 m","Manual Accept |"
"1APOR000.40","RL_1A_224967","Manual Review | 20 m","Manual Accept |"
"1APOR000.52","RL_1A_224967","Manual Review | 40 m","Manual Accept |"
"1AAUA014.51","RL_1A_310797","Manual Review | 80 m","Manual Accept |"
"1ABED002.97","RL_1A_310556","Manual Review | 20 m","Manual Accept |"
"1ASOB001.80","RL_1A_311120","Manual Review | 40 m","Manual Accept |"
"1AMIP000.40","RL_1A_311160","Manual Review | 20 m","Manual Accept |"
"1ANOR009.87","RL_1A_311212","Manual Review | 20 m","Manual Accept |"
"1ASOQ006.73","RL_1A_311122","Manual Review | 20 m","Manual Accept |"
"1AQUA005.91","RL_1A_311721","Manual Review | 20 m","Manual Accept |"
"1AQUA004.88","RL_1A_311767","Manual Review | 20 m","Manual Accept |"
"1AQUA004.46","RL_1A_311835","Manual Review | 60 m","Manual Accept |"
"1ANEA007.65","RL_1A_311739","Manual Review | 20 m","Manual Accept |"
"1AMAU001.67","RL_1A_311763","Manual Review | 20 m","Manual Accept |"
"1AHOO001.13","RL_1A_311778","Manual Review | 20 m","Manual Accept |"
"1AHOO000.34","RL_1A_311731","Manual Review | 20 m","Manual Accept |"
"1AXMK000.37","RL_1A_312058","Manual Review | 20 m","Manual Accept |"
"1AGIL000.70","RL_1A_312308","Manual Review | 20 m","Manual Accept |"
"1APOH005.36","RL_1A_312481","Manual Review | 20 m","Manual Accept |"
"1APOH007.65","RL_1A_317451","Manual Review | 20 m","Manual Accept |"
"1AACO004.84","RL_1A_317432","Manual Review | 20 m","Manual Accept |"
"1AACO006.10","RL_1A_317428","Manual Review | 40 m","Manual Accept |"
"1ASOH001.71","RL_1A_317315","Manual Review | 20 m","Manual Accept |"
"1AMID000.75","RL_1A_315557","Manual Review | 20 m","Manual Accept |"
"1AWLB000.06","RL_1A_311687","Manual Review | 20 m","Manual Accept |"
"1AOCC024.74","RL_1A_311553","Manual Review | 20 m","Manual Accept |"
"1AOCC021.35","RL_1A_311554","Manual Review | 20 m","Manual Accept |"
"1ACRE000.06","RL_1A_311355","Manual Review | 20 m","Manual Accept |"
"1ALIL008.29","RL_1A_226383","Manual Review | 20 m","Manual Accept |"
"1ALIL001.43","RL_1A_225863","Manual Review | 20 m","Manual Accept |"
"1AOWL001.85","RL_1A_226497","Manual Review | 20 m","Manual Accept |"
"1AWAL000.79","RL_1A_227256","Manual Review | 20 m","Manual Accept |"
"1ACER012.66","RL_1A_227366","Manual Review | 20 m","Manual Accept |"
"1ATON003.77","RL_1A_226841","Manual Review | 20 m","Manual Accept |"
"1ALII003.97","RL_1A_242250","Manual Review | 20 m","Manual Accept |"
"1ABRU029.80","RL_1A_238586","Manual Review | 20 m","Manual Accept |"
"1ACAA007.32","RL_1A_241110","Manual Review | 60 m","Manual Accept |"
"1ABUL025.94","RL_1A_242216","Manual Review | 40 m","Manual Accept |"
"1AXOS000.49","RL_1A_239729","Manual Review | 20 m","Manual Accept |"
"3-XMN000.85","RL_03_232170","Manual Review | 20 m","Manual Accept |"
"3-FMR000.94","RL_03_232205","Manual Review | 20 m","Manual Accept |"
"3-HIT003.43","RL_03_231551","Manual Review | 20 m","Manual Accept |"
"3-INA000.38","RL_03_231533","Manual Review | 20 m","Manual Accept |"
"3-JOR004.90","RL_03_231898","Manual Review | 20 m","Manual Accept |"
"3-FIR002.35","RL_03_232133","Manual Review | 20 m","Manual Accept |"
"3-JOR012.43","RL_03_231071","Manual Review | 20 m","Manual Accept | DGIF ii"
"3-THM001.40","RL_03_237239","Manual Review | 20 m","Manual Accept |"
"3-THU004.69","RL_03_237235","Manual Review | 20 m","Manual Accept |"
"3-GRT008.62","RL_03_223793","Manual Review | 20 m","Manual Accept |"
"3-RUS006.49","RL_03_212184","Manual Review | 20 m","Manual Accept |"
"3-THR000.50","RL_03_212045","Manual Review | 20 m","Manual Accept |"
"3-THO022.27","RL_03_212039","Manual Review | 40 m","Manual Accept |"
"3-CAE002.79","RL_03_222634","Manual Review | 20 m","Manual Accept |"
"3-CAE002.46","RL_03_222617","Manual Review | 40 m","Manual Accept |"
"3-CAE000.25","RL_03_222632","Manual Review | 40 m","Manual Accept |"
"3-CAE015.01","RL_03_238935","Manual Review | 20 m","Manual Accept |"
"3-HRN000.80","RL_03_238923","Manual Review | 40 m","Manual Accept |"
"3-HAZ013.23","RL_03_222441","Manual Review | 20 m","Manual Accept |"
"3-HAZ013.17","RL_03_222441","Manual Review | 20 m","Manual Accept |"
"3-THO000.08","RL_03_222430","Manual Review | 20 m","Manual Accept |"
"3-HAZ018.29","RL_03_212752","Manual Review | 20 m","Manual Accept |"
"3-BLC001.08","RL_03_212399","Manual Review | 40 m","Manual Accept |"
"3-HAZ042.43","RL_03_211702","Manual Review | 20 m","Manual Accept |"
"3-HAZ034.96","RL_03_211863","Manual Review | 20 m","Manual Accept |"
"3-HUE009.13","RL_03_211797","Manual Review | 20 m","Manual Accept |"
"3-POH000.48","RL_03_210442","Manual Review | 20 m","Manual Accept |"
"3-POH003.67","RL_03_210429","Manual Review | 20 m","Manual Accept |"
"3-ROE004.07","RL_03_208883","Manual Review | 60 m","Manual Accept |"
"3-RAP088.21","RL_03_208826","Manual Review | 20 m","Manual Accept |"
"3-MTN027.08","RL_03_211229","Manual Review | 20 m","Manual Accept |"
"3-XIH000.06","RL_03_220699","Manual Review | 20 m","Manual Accept |"
"3-MTN022.49","RL_03_220676","Manual Review | 20 m","Manual Accept |"
"3-MTN022.20","RL_03_220693","Manual Review | 20 m","Manual Accept |"
"3-MTN021.75","RL_03_220711","Manual Review | 20 m","Manual Accept |"
"3-BLS000.08","RL_03_220791","Manual Review | 20 m","Manual Accept |"
"3-HID000.22","RL_03_220737","Manual Review | 20 m","Manual Accept |"
"3-XBE000.19","RL_03_220914","Manual Review | 20 m","Manual Accept |"
"3-MTN021.11","RL_03_220692","Manual Review | 40 m","Manual Accept |"
"3-XEH000.10","RL_03_220779","Manual Review | 20 m","Manual Accept |"
"3-MTN019.75","RL_03_220782","Manual Review | 20 m","Manual Accept |"
"3-MTN014.88","RL_03_220722","Manual Review | 20 m","Manual Accept |"
"3-JOA000.80","RL_03_220714","Manual Review | 20 m","Manual Accept |"
"3-FLA001.93","RL_03_221723","Manual Review | 20 m","Manual Accept |"
"3-MAH004.18","RL_03_221727","Manual Review | 20 m","Manual Accept |"
"3-MAH000.19","RL_03_221997","Manual Review | 20 m","Manual Accept |"
"3-MTN000.59","RL_03_221954","Manual Review | 20 m","Manual Accept |"
"3-MTN005.79","RL_03_221922","Manual Review | 20 m","Manual Accept |"
"3-SMR004.81","RL_03_224638","Manual Review | 20 m","Manual Accept |"
"3-SMR002.60","RL_03_224581","Manual Review | 20 m","Manual Accept |"
"3-ROC001.12","RL_03_224054","Manual Review | 20 m","Manual Accept |"
"3-BRK002.52","RL_03_221241","Manual Review | 20 m","Manual Accept |"
"3-RAP014.45","RL_03_221496","Manual Review | 20 m","Manual Accept |"
"3-RAP010.70","RL_03_224390","Manual Review | 20 m","Manual Accept |"
"3-MTR003.51","RL_03_216050","Manual Review | 20 m","Manual Accept |"
"3-RUL000.39","RL_03_221252","Manual Review | 40 m","Manual Accept |"
"3-HAE001.00","RL_03_224139","Manual Review | 20 m","Manual Accept |"
"3-RAP030.21","RL_03_215565","Manual Review | 20 m","Manual Accept |"
"3-CED000.59","RL_03_220421","Manual Review | 20 m","Manual Accept |"
"3-CED003.52","RL_03_220423","Manual Review | 20 m","Manual Accept |"
"3-MTR008.31","RL_03_215246","Manual Review | 20 m","Manual Accept |"
"3-RAP037.90","RL_03_208120","Manual Review | 20 m","Manual Accept |"
"3-ROB001.90","RL_03_208024","Manual Review | 80 m","Manual Accept |"
"3-ROB003.59","RL_03_208096","Manual Review | 20 m","Manual Accept |"
"3-GRA002.01","RL_03_207789","Manual Review | 20 m","Manual Accept |"
"3-ROB009.93","RL_03_211099","Manual Review | 20 m","Manual Accept |"
"3-LDR000.70","RL_03_210182","Manual Review | 20 m","Manual Accept |"
"3-DAK001.18","RL_03_210226","Manual Review | 20 m","Manual Accept |"
"3-DRN001.81","RL_03_210230","Manual Review | 20 m","Manual Accept |"
"3-WHO001.51","RL_03_210021","Manual Review | 40 m","Manual Accept |"
"3-KIN000.94","RL_03_208528","Manual Review | 20 m","Manual Accept |"
"3-GAR005.59","RL_03_208529","Manual Review | 20 m","Manual Accept |"
"3-GAR004.93","RL_03_208529","Manual Review | 40 m","Manual Accept |"
"3-RAP082.43","RL_03_208548","Manual Review | 60 m","Manual Accept |"
"3-FIK001.08","RL_03_208671","Manual Review | 40 m","Manual Accept |"
"3-LEA000.17","RL_03_210030","Manual Review | 80 m","Manual Accept |"
"3-RAP077.28","RL_03_208511","Manual Review | 60 m","Manual Accept |"
"3-CON005.57","RL_03_208305","Manual Review | 20 m","Manual Accept |"
"3-ENT000.65","RL_03_208313","Manual Review | 20 m","Manual Accept |"
"3-SOT008.37","RL_03_204199","Manual Review | 20 m","Manual Accept |"
"3-SOT001.00","RL_03_204740","Manual Review | 20 m","Manual Accept |"
"3-BWR004.13","RL_03_216016","Manual Review | 20 m","Manual Accept |"
"3-XEZ000.12","RL_03_207798","Manual Review | 20 m","Manual Accept |"
"3-RAP045.08","RL_03_208111","Manual Review | 40 m","Manual Accept |"
"3-POL000.10","RL_03_207452","Manual Review | 60 m","Manual Accept |"
"3-RAP051.21","RL_03_206774","Manual Review | 40 m","Manual Accept |"
"3-BFL000.90","RL_03_207141","Manual Review | 20 m","Manual Accept |"
"3-BFL002.90","RL_03_206632","Manual Review | 20 m","Manual Accept |"
"3-BFL006.28","RL_03_207158","Manual Review | 40 m","Manual Accept |"
"3-MAS000.62","RL_03_206710","Manual Review | 20 m","Manual Accept |"
"3-XBO000.26","RL_03_204930","Manual Review | 20 m","Manual Accept |"
"3-RIP000.22","RL_03_204499","Manual Review | 20 m","Manual Accept |"
"3-RAP066.54","RL_03_205041","Manual Review | 60 m","Manual Accept |"
"3-BLU008.33","RL_03_205560","Manual Review | 20 m","Manual Accept |"
"3-WHO001.48","RL_03_210021","Manual Review | 20 m","Manual Accept |"
"3-ROE000.75","RL_03_208864","Manual Review | 20 m","Manual Accept |"
"3-HAZ032.54","RL_03_210611","Manual Review | 40 m","Manual Accept |"
"3-HUE000.20","RL_03_210612","Manual Review | 20 m","Manual Accept |"
"3-XMO000.41","RL_03_220728","Manual Review | 20 m","Manual Accept |"
"3-DPR001.70","RL_03_225118","Manual Review | 20 m","Manual Accept |"
"3-HOR000.50","RL_03_225120","Manual Review | 20 m","Manual Accept |"
"3-RPP120.05","RL_03_220247","Manual Review | 20 m","Manual Accept |"
"3-FAL000.13","RL_03_305865","Manual Review | 40 m","Manual Accept |"
"3-HAL001.44","RL_03_305812","Manual Review | 20 m","Manual Accept |"
"3-CLB000.50","RL_03_305905","Manual Review | 60 m","Manual Accept |"
"3-LIA003.14","RL_03_305888","Manual Review | 20 m","Manual Accept |"
"3-LIA002.27","RL_03_305899","Manual Review | 20 m","Manual Accept |"
"3-DEP000.92","RL_03_305882","Manual Review | 20 m","Manual Accept |"
"3-DEP001.59","RL_03_305830","Manual Review | 20 m","Manual Accept |"
"3-MAP007.97","RL_03_305279","Manual Review | 20 m","Manual Accept |"
"3-XFE001.05","RL_03_219323","Manual Review | 20 m","Manual Accept |"
"3-MAP002.61","RL_03_305334","Manual Review | 20 m","Manual Accept |"
"3-MUY003.63","RL_03_306703","Manual Review | 20 m","Manual Accept |"
"3-MUY001.43","RL_03_306700","Manual Review | 20 m","Manual Accept |"
"3-WAE000.72","RL_03_306211","Manual Review | 20 m","Manual Accept |"
"3-GIN002.64","RL_03_309056","Manual Review | 20 m","Manual Accept |"
"3-JET003.49","RL_03_309798","Manual Review | 20 m","Manual Accept |"
"3-DPR004.93","RL_03_224643","Manual Review | 60 m","Manual Accept |"
"3-ALC002.74","RL_03_225520","Manual Review | 20 m","Manual Accept |"
"3-BOS000.72","RL_03_224648","Manual Review | 20 m","Manual Accept |"
"3-KES002.59","RL_03_212019","Manual Review | 20 m","Manual Accept |"
"3-PIY003.27","RL_03_212040","Manual Review | 40 m","Manual Accept |"
"3-THO025.39","RL_03_212032","Manual Review | 40 m","Manual Accept |"
"3-PIY000.28","RL_03_212027","Manual Review | 20 m","Manual Accept |"
"3-THO024.12","RL_03_212043","Manual Review | 20 m","Manual Accept |"
"3-THR000.01","RL_03_212193","Manual Review | 20 m","Manual Accept |"
"3-BIG001.15","RL_03_212180","Manual Review | 20 m","Manual Accept |"
"3-RUS005.24","RL_03_212186","Manual Review | 40 m","Manual Accept |"
"3-COV001.95","RL_03_212188","Manual Review | 20 m","Manual Accept |"
"3-THO014.37","RL_03_213264","Manual Review | 20 m","Manual Accept |"
"3-MLR001.11","RL_03_212932","Manual Review | 40 m","Manual Accept |"
"3-BTL000.94","RL_03_212954","Manual Review | 20 m","Manual Accept |"
"3-WAF000.82","RL_03_222142","Manual Review | 20 m","Manual Accept |"
"3-IND001.14","RL_03_222112","Manual Review | 20 m","Manual Accept |"
"3-HAZ005.98","RL_03_222449","Manual Review | 20 m","Manual Accept |"
"3-MUU000.82","RL_03_222158","Manual Review | 40 m","Manual Accept |"
"3-RUF000.81","RL_03_223201","Manual Review | 20 m","Manual Accept |"
"3-MTN023.88","RL_03_220717","Manual Review | 20 m","Manual Accept |"
"3-COO005.87","RL_03_210842","Manual Review | 20 m","Manual Accept |"
"1AACC000.52","EP_1A_012729","Manual Review | NA","Manual Accept |"
"1APOM000.11","EP_1A_012729","Manual Review | NA","Manual Accept |"
"1APOM001.96","EP_1A_012729","Manual Review | NA","Manual Accept |"
"1APOM001.99","EP_1A_012729","Manual Review | NA","Manual Accept |"
"1APOM002.41","EP_1A_012729","Manual Review | NA","Manual Accept |"
"1AAUA000.34","EP_1A_012691","Manual Review | NA","Manual Accept |"
"1AAUA001.39","EP_1A_012691","Manual Review | NA","Manual Accept |"
"1AAUA003.00","EP_1A_012691","Manual Review | NA","Manual Accept |"
"1AAUA003.71","EP_1A_012691","Manual Review | NA","Manual Accept |"
"1AAUA005.35","EP_1A_012691","Manual Review | NA","Manual Accept |"
"1AWLL001.30","EP_1A_012857","Manual Review | NA","Manual Accept |"
"1AUMC003.09","EP_1A_010917","Manual Review | NA","Manual Accept |"
"1AUMC004.43","EP_1A_010917","Manual Review | NA","Manual Accept |"
"1AQUA000.02","EP_1A_012779","Manual Review | NA","Manual Accept |"
"1AQUA000.43","EP_1A_012779","Manual Review | NA","Manual Accept |"
"1AQUA000.85","EP_1A_012779","Manual Review | NA","Manual Accept |"
"1AQUA001.09","EP_1A_012779","Manual Review | NA","Manual Accept |"
"1AQUA001.28","EP_1A_012779","Manual Review | NA","Manual Accept |"
"1AQUA002.38","EP_1A_012779","Manual Review | NA","Manual Accept |"
"1ANEA000.57","EP_1A_012925","Manual Review | NA","Manual Accept |"
"1AOCC000.01","EP_1A_012925","Manual Review | NA","Manual Accept |"
"1AOCC000.77","EP_1A_012925","Manual Review | NA","Manual Accept |"
"1AOCC001.04","EP_1A_012925","Manual Review | NA","Manual Accept |"
"1AOCC001.19","EP_1A_012925","Manual Review | NA","Manual Accept |"
"1AOCC001.69","EP_1A_012925","Manual Review | NA","Manual Accept |"
"1AOCC002.47","EP_1A_012925","Manual Review | NA","Manual Accept |"
"1AMAU001.16","EP_1A_012927","Manual Review | NA","Manual Accept |"
"1AMAE000.21","EP_1A_012925","Manual Review | NA","Manual Accept |"
"1AOCC005.16","EP_1A_012925","Manual Review | NA","Manual Accept |"
"1AOCC006.71","EP_1A_012925","Manual Review | NA","Manual Accept |"
"1APOH000.31","EP_1A_012998","Manual Review | NA","Manual Accept |"
"1APOH002.32","EP_1A_012998","Manual Review | NA","Manual Accept |"
"1APOH002.38","EP_1A_012998","Manual Review | NA","Manual Accept |"
"1APOH000.93","EP_1A_012998","Manual Review | NA","Manual Accept |"
"1APOH001.75","EP_1A_012998","Manual Review | NA","Manual Accept |"
"1ADOU000.60","EP_1A_012999","Manual Review | NA","Manual Accept |"
"1ADOU001.02","EP_1A_012999","Manual Review | NA","Manual Accept |"
"1AHUT000.01","EP_1A_013054","Manual Review | NA","Manual Accept |"
"1AFOU000.19","EP_1A_013087","Manual Review | NA","Manual Accept |"
"3-RPP106.01","EP_03_010677","Manual Review | NA","Manual Accept |"
"3-RPP098.81","EP_03_010677","Manual Review | NA","Manual Accept |"
"3-RPP097.39","EP_03_010677","Manual Review | NA","Manual Accept |"
"3-RPP092.71","EP_03_010677","Manual Review | NA","Manual Accept |"
"3-RPP088.22","EP_03_010677","Manual Review | NA","Manual Accept |"
"3-RPP086.72","EP_03_010677","Manual Review | NA","Manual Accept |"
"3-RPP083.88","EP_03_010677","Manual Review | NA","Manual Accept |"
"3-RPP080.19","EP_03_010677","Manual Review | NA","Manual Accept |"
"3-RPP077.96","EP_03_010677","Manual Review | NA","Manual Accept |"
"3-RPP074.38","EP_03_010677","Manual Review | NA","Manual Accept |"
"8-THK000.09","RL_08_207529","Manual Review | 20 m","Manual Accept |"
"8-CHR000.07","RL_08_207552","Manual Review | 20 m","Manual Accept |"
"8-PMC009.85","RL_08_213830","Manual Review | 60 m","Manual Accept |"
"8-BRC001.88","RL_08_206306","Manual Review | 20 m","Manual Accept |"
"8-MTN000.96","RL_08_206314","Manual Review | 20 m","Manual Accept |"
"8-NAR066.42","RL_08_206322","Manual Review | 20 m","Manual Accept |"
"8-NAR065.95","RL_08_206363","Manual Review | 60 m","Manual Accept |"
"8-NAR063.92","RL_08_213810","Manual Review | 20 m","Manual Accept |"
"8-NAR061.09","RL_08_213832","Manual Review | 20 m","Manual Accept |"
"8-HIK001.20","RL_08_213780","Manual Review | 20 m","Manual Accept |"
"8-HCN000.20","RL_08_206304","Manual Review | 20 m","Manual Accept |"
"8-HCS000.20","RL_08_206266","Manual Review | 20 m","Manual Accept |"
"8-SAR101.03","RL_08_205650","Manual Review | 20 m","Manual Accept |"
"8-SAR099.81","RL_08_205654","Manual Review | 20 m","Manual Accept |"
"8-SAR097.82","RL_08_205690","Manual Review | 20 m","Manual Accept |"
"8-SAR094.59","RL_08_205939","Manual Review | 20 m","Manual Accept |"
"8-SAR093.47","RL_08_205954","Manual Review | 20 m","Manual Accept |"
"8-SAR091.64","RL_08_206009","Manual Review | 20 m","Manual Accept |"
"8-SAR089.35","RL_08_206189","Manual Review | 20 m","Manual Accept |"
"8-HUD001.80","RL_08_206020","Manual Review | 20 m","Manual Accept |"
"8-RKC001.35","RL_08_167377","Manual Review | 20 m","Manual Accept |"
"8-SAR083.25","RL_08_167553","Manual Review | 40 m","Manual Accept |"
"8-HRS001.35","RL_08_177032","Manual Review | 20 m","Manual Accept |"
"8-SAR068.57","RL_08_177259","Manual Review | 20 m","Manual Accept |"
"8-SBK000.03","RL_08_176798","Manual Review | 20 m","Manual Accept |"
"8-FRK005.53","RL_08_177057","Manual Review | 20 m","Manual Accept |"
"8-FRK006.02","RL_08_177054","Manual Review | 40 m","Manual Accept |"
"8-FRK007.32","RL_08_177123","Manual Review | 20 m","Manual Accept |"
"8-SAR076.10","RL_08_177269","Manual Review | 20 m","Manual Accept |"
"8-CUB001.73","RL_08_177454","Manual Review | 20 m","Manual Accept |"
"8-TLR014.44","RL_08_177487","Manual Review | 20 m","Manual Accept |"
"8-TLR009.82","RL_08_180267","Manual Review | 20 m","Manual Accept |"
"8-XKA000.91","RL_08_180466","Manual Review | 20 m","Manual Accept | biologist noted it wasn't intermittent during sampling"
"8-TLR005.50","RL_08_178789","Manual Review | 20 m","Manual Accept |"
"8-TLR005.30","RL_08_178775","Manual Review | 20 m","Manual Accept |"
"8-SAR038.45","RL_08_176582","Manual Review | 20 m","Manual Accept |"
"8-FRK001.78","RL_08_176814","Manual Review | 20 m","Manual Accept |"
"8-OWN000.48","RL_08_176568","Manual Review | 20 m","Manual Accept |"
"8-SAR040.35","RL_08_176591","Manual Review | 40 m","Manual Accept |"
"8-SAR035.05","RL_08_179061","Manual Review | 20 m","Manual Accept |"
"8-SAR034.04","RL_08_179089","Manual Review | 20 m","Manual Accept |"
"8-SAR030.01","RL_08_179099","Manual Review | 20 m","Manual Accept |"
"8-SAR028.79","RL_08_179070","Manual Review | 20 m","Manual Accept |"
"8-SHP001.14","RL_08_178818","Manual Review | 20 m","Manual Accept |"
"8-FOS000.84","RL_08_167273","Manual Review | 20 m","Manual Accept |"
"8-LRN001.93","RL_08_177824","Manual Review | 20 m","Manual Accept |"
"8-LTL030.55","RL_08_181163","Manual Review | 20 m","Manual Accept |"
"8-LOC001.10","RL_08_180981","Manual Review | 20 m","Manual Accept |"
"8-CON006.12","RL_08_214164","Manual Review | 20 m","Manual Accept |"
"8-CON005.38","RL_08_214239","Manual Review | 20 m","Manual Accept |"
"8-CRC001.82","RL_08_213854","Manual Review | 20 m","Manual Accept |"
"8-DKH001.44","RL_08_213791","Manual Review | 20 m","Manual Accept |"
"8-GMC002.19","RL_08_213811","Manual Review | 20 m","Manual Accept |"
"8-PLT002.82","RL_08_214587","Manual Review | 40 m","Manual Accept |"
"8-TRY004.98","RL_08_214970","Manual Review | 20 m","Manual Accept |"
"8-RIG004.52","RL_08_214986","Manual Review | 20 m","Manual Accept |"
"8-TRY010.80","RL_08_215745","Manual Review | 40 m","Manual Accept |"
"8-MUS000.57","RL_08_216890","Manual Review | 20 m","Manual Accept |"
"8-XIA000.89","RL_08_216941","Manual Review | 20 m","Manual Accept |"
"8-NST011.67","RL_08_216869","Manual Review | 20 m","Manual Accept |"
"8-NST007.84","RL_08_216573","Manual Review | 20 m","Manual Accept |"
"8-NST003.46","RL_08_216567","Manual Review | 40 m","Manual Accept |"
"8-ARN000.73","RL_08_216546","Manual Review | 40 m","Manual Accept |"
"8-NST000.58","RL_08_216729","Manual Review | 20 m","Manual Accept |"
"8-BRK000.06","RL_08_219089","Manual Review | 40 m","Manual Accept |"
"8-NIR003.96","RL_08_219387","Manual Review | 20 m","Manual Accept |"
"8-XJV001.81","RL_08_303551","Manual Review | 20 m","Manual Accept |"
"8-XJV000.80","RL_08_303486","Manual Review | 20 m","Manual Accept |"
"8-CPN000.05","RL_08_218201","Manual Review | 20 m","Manual Accept |"
"8-POR023.95","RL_08_218189","Manual Review | 20 m","Manual Accept |"
"8-POR016.04","RL_08_219494","Manual Review | 20 m","Manual Accept |"
"8-POR015.70","RL_08_218353","Manual Review | 20 m","Manual Accept |"
"8-GDY003.00","RL_08_218181","Manual Review | 20 m","Manual Accept |"
"8-POR008.97","RL_08_219573","Manual Review | 20 m","Manual Accept |"
"8-BLF001.48","RL_08_216840","Manual Review | 20 m","Manual Accept |"
"8-TAR002.40","RL_08_217804","Manual Review | 60 m","Manual Accept |"
"8-MAT001.87","RL_08_217796","Manual Review | 20 m","Manual Accept |"
"8-MTA008.96","RL_08_218019","Manual Review | 20 m","Manual Accept |"
"8-GDY000.88","RL_08_218248","Manual Review | 20 m","Manual Accept |"
"8-MAT004.12","RL_08_217756","Manual Review | 20 m","Manual Accept |"
"8-MAT005.35","RL_08_216960","Manual Review | 20 m","Manual Accept |"
"8-MPN101.86","RL_08_304116","Manual Review | 40 m","Manual Accept |"
"8-MTA001.69","RL_08_303692","Manual Review | 40 m","Manual Accept |"
"8-MPN094.94","RL_08_303337","Manual Review | 20 m","Manual Accept |"
"8-MPN094.79","RL_08_303337","Manual Review | 60 m","Manual Accept |"
"8-STH010.79","RL_08_302947","Manual Review | 20 m","Manual Accept |"
"8-HBS001.85","RL_08_302984","Manual Review | 20 m","Manual Accept |"
"8-STH004.37","RL_08_302907","Manual Review | 20 m","Manual Accept |"
"8-PCT010.10","RL_08_277439","Manual Review | 20 m","Manual Accept |"
"8-MAR018.48","RL_08_304217","Manual Review | 20 m","Manual Accept |"
"8-MAR014.20","RL_08_304317","Manual Review | 20 m","Manual Accept |"
"8-MAR011.09","RL_08_306950","Manual Review | 20 m","Manual Accept |"
"8-MAR008.23","RL_08_280395","Manual Review | 20 m","Manual Accept |"
"8-DOC000.69","RL_08_280531","Manual Review | 20 m","Manual Accept |"
"8-BEV003.16","RL_08_280479","Manual Review | 20 m","Manual Accept |"
"8-MPN090.74","RL_08_304556","Manual Review | 20 m","Manual Accept |"
"8-MPN090.01","RL_08_304667","Manual Review | 40 m","Manual Accept |"
"8-PCT002.29","RL_08_278364","Manual Review | 20 m","Manual Accept |"
"8-PCT000.76","RL_08_278271","Manual Review | 20 m","Manual Accept |"
"8-MPN073.75","RL_08_278550","Manual Review | 40 m","Manual Accept |"
"8-MPN075.84","RL_08_278606","Manual Review | 20 m","Manual Accept |"
"8-RDY004.95","RL_08_277930","Manual Review | 20 m","Manual Accept |"
"8-RDY004.39","RL_08_277917","Manual Review | 20 m","Manual Accept |"
"8-BEV008.47","RL_08_306951","Manual Review | 20 m","Manual Accept |"
"8-BEV006.78","RL_08_306893","Manual Review | 20 m","Manual Accept |"
"8-CPL011.27","RL_08_281532","Manual Review | 20 m","Manual Accept |"
"8-MAR003.24","RL_08_280819","Manual Review | 40 m","Manual Accept |"
"8-MPN054.17","RL_08_280294","Manual Review | 20 m","Manual Accept |"
"8-BOT002.14","RL_08_280054","Manual Review | 20 m","Manual Accept |"
"8-GVL000.56","RL_08_279996","Manual Review | 20 m","Manual Accept |"
"8-MPN045.51","RL_08_281254","Manual Review | 20 m","Manual Accept |"
"8-HER005.12","RL_08_280033","Manual Review | 20 m","Manual Accept |"
"8-DRL000.85","RL_08_279965","Manual Review | 20 m","Manual Accept |"
"8-DRL004.27","RL_08_279923","Manual Review | 20 m","Manual Accept |"
"8-FBC002.92","RL_08_279930","Manual Review | 20 m","Manual Accept |"
"8-FBC003.35","RL_08_279930","Manual Review | 60 m","Manual Accept |"
"8-HER000.33","RL_08_281247","Manual Review | 60 m","Manual Accept |"
"8-CPL004.15","RL_08_281083","Manual Review | 40 m","Manual Accept |"
"1APOW000.27","EP_1A_012778","Manual Review | NA","Manual Accept |"
"1APOW000.57","EP_1A_012778","Manual Review | NA","Manual Accept |"
"1APOW000.25","EP_1A_012778","Manual Review | NA","Manual Accept |"
"3-PBC003.09","RL_03_308436","Manual Review | NA","Manual Accept | supposed to be riverine"
"1ANOB007.97","RL_1A_244785","Manual Review | 20 m","Manual Accept |"
"1AJAC001.06","RL_1A_245239","Manual Review | 20 m","Manual Accept |"
"1AJAC000.74","RL_1A_245239","Manual Review | 20 m","Manual Accept |"
"1AXNX000.01","RL_1A_245868","Manual Review | 20 m","Manual Accept | intermittent, only 1 sample (stressor analysis) - no assessment"
"1APIA001.80","RL_1A_246902","Manual Review | 20 m","Manual Accept |"
"1ANOC000.42","RL_1A_245731","Manual Review | 60 m","Manual Accept |"
"1ASOC001.66","RL_1A_246006","Manual Review | 40 m","Manual Accept |"
"1ASOC002.93","RL_1A_245679","Manual Review | 40 m","Manual Accept |"
"1ALIM001.16","RL_1A_246222","Manual Review | 40 m","Manual Accept |"
"1AXLE001.62","RL_1A_316450","Manual Review | 20 m","Manual Accept |"
"1ABRB002.15","RL_1A_316712","Manual Review | 20 m","Manual Accept |"
"1ARUS000.81","RL_1A_316392","Manual Review | 20 m","Manual Accept |"
"1ASAD001.76","RL_1A_315586","Manual Review | 20 m","Manual Accept |"
"1ALIP001.00","RL_1A_315030","Manual Review | 20 m","Manual Accept |"
"1AJOH002.42","RL_1A_315024","Manual Review | 40 m","Manual Accept |"
"1APOE002.00","RL_1A_315149","Manual Review | 40 m","Manual Accept |"
"1ACUB002.61","RL_1A_315470","Manual Review | 20 m","Manual Accept |"
"1ABUL016.31","RL_1A_242516","Manual Review | 40 m","Manual Accept |"
"1ACUB003.74","RL_1A_315503","Manual Review | 40 m","Manual Accept |"
"1ABIR000.76","RL_1A_315345","Manual Review | 40 m","Manual Accept |"
"1AWOT000.92","RL_1A_316871","Manual Review | 20 m","Manual Accept |"
"1AWOT002.36","RL_1A_316834","Manual Review | 20 m","Manual Accept |"
"1ADIF005.06","RL_1A_316806","Manual Review | 20 m","Manual Accept |"
"1APIM004.16","RL_1A_317735","Manual Review | 20 m","Manual Accept | station location is slightly inaccurate"
"1AACO018.48","RL_1A_315930","Manual Review | 20 m","Manual Accept |"
"1AFOU001.92","RL_1A_317630","Manual Review | 20 m","Manual Accept |"
"1AFOU003.06","RL_1A_317630","Manual Review | 20 m","Manual Accept |"
"1AFOU002.06","RL_1A_317630","Manual Review | 20 m","Manual Accept |"
"1AACO011.27","RL_1A_317461","Manual Review | 20 m","Manual Accept |"
"1AXMJ000.42","RL_1A_227532","Manual Review | 20 m","Manual Accept |"
"1ACER006.00","RL_1A_227742","Manual Review | 40 m","Manual Accept |"
"1ADOU003.17","RL_1A_317275","Manual Review | 20 m","Manual Accept |"
"1ABRU001.59","RL_1A_227754","Manual Review | 20 m","Manual Accept | RL_1A_311545"
"1ABRU001.59","RL_1A_227760","Manual Review | 20 m","Manual Accept | RL_1A_311545"
"1ABRU001.59","RL_1A_311545","Manual Review | 20 m","Manual Accept | RL_1A_311545"
"1AKET002.06","RL_1A_227695","Manual Review | 20 m","Manual Accept |"
"1AKET004.27","RL_1A_227381","Manual Review | 20 m","Manual Accept |"
"1AKET009.91","RL_1A_226620","Manual Review | 20 m","Manual Accept |"
"1AGIL000.85","RL_1A_312308","Manual Review | 20 m","Manual Accept |"
"1AGIL003.10","RL_1A_311702","Manual Review | 40 m","Manual Accept |"
"1ACRA007.81","RL_1A_239106","Manual Review | 20 m","Manual Accept |"
"1AGOO044.36","RL_1A_239274","Manual Review | 20 m","Manual Accept |"
"1ABOL000.05","RL_1A_238987","Manual Review | 20 m","Manual Accept |"
"1ABEC004.76","RL_1A_243359","Manual Review | 20 m","Manual Accept |"
"1AJEE004.34","RL_1A_240256","Manual Review | 20 m","Manual Accept |"
"1AXCD000.07","RL_1A_240151","Manual Review | 60 m","Manual Accept |"
"1AGOO004.93","RL_1A_244396","Manual Review | 20 m","Manual Accept | "
"1AGOO005.57","RL_1A_244368","Manual Review | 20 m","Manual Accept | "
"1AGOO022.44","RL_1A_243321","Manual Review | 20 m","Manual Accept | "
"1ABSC000.45","RL_1A_243321","Manual Review | 20 m","Manual Accept | "
"1ALIV004.79","RL_1A_242958","Manual Review | 20 m","Manual Accept | "
"1ALIV004.78","RL_1A_242958","Manual Review | 20 m","Manual Accept | "
"1AHOW000.52","RL_1A_244103","Manual Review | 40 m","Manual Accept | "
