"FDT_STA_ID","GROUP_STA_ID","STA_DESC","Deq_Region","STA_REC_CODE","FDT_DATE_TIME","FDT_DEPTH","FDT_DEPTH_DESC","FDT_PERCENT_FRB","FDT_SSC_CODE","FDT_SPG_CODE","FDT_COMMENT","FDT_FIELD_PH","RMK_FDT_FIELD_PH","LEVEL_FDT_FIELD_PH","FDT_TEMP_CELCIUS","RMK_FDT_TEMP_CELCIUS","LEVEL_FDT_TEMP_CELCIUS","DO_mg_L","RMK_DO","LEVEL_DO","DISSOLVED_OXYGEN_00300_mg_L","RMK_FDT_DO_PROBE","LEVEL_FDT_DO_PROBE","DISSOLVED_OXYGEN_DOOPT_mg_L","RMK_FDT_DO_OPTICAL","LEVEL_FDT_DO_OPTICAL","DISSOLVED_OXYGEN_WINK_mg_L","RMK_FDT_DO_WINKLER","LEVEL_FDT_DO_WINKLER","FDT_SPECIFIC_CONDUCTANCE","RMK_FDT_SPECIFIC_CONDUCTANCE","LEVEL_FDT_SPECIFIC_CONDUCTANCE","FDT_SALINITY","RMK_FDT_SALINITY","LEVEL_FDT_SALINITY","NITROGEN_mg_L","RMK_NITROGEN","LEVEL_NITROGEN","AMMONIA_mg_L","RMK_AMMONIA","LEVEL_AMMONIA","NITRATE_mg_L","RMK_NITRATE","LEVEL_NITRATE","NOX_mg_L","RMK_NOX","LEVEL_NOX","NITROGEN_TOTAL_00600_mg_L","RMK_00600","LEVEL_00600","NITROGEN_AMMONIA_DISSOLVED_00608_mg_L","RMK_00608","LEVEL_00608","NITROGEN_AMMONIA_TOTAL_00610_mg_L","RMK_00610","LEVEL_00610","NITROGEN_NITRITE_DISSOLVED_00613_mg_L","RMK_00613","LEVEL_00613","NITROGEN_NITRITE_TOTAL_00615_mg_L","RMK_00615","LEVEL_00615","NITROGEN_NITRATE_DISSOLVED_00618_mg_L","RMK_00618","LEVEL_00618","NITROGEN_NITRATE_TOTAL_00620_mg_L","RMK_00620","LEVEL_00620","NITROGEN_KJELDAHL_TOTAL_00625_mg_L","RMK_00625","LEVEL_00625","NITRITE+NITRATE_TOTAL_00630_mg_L","RMK_00630","LEVEL_00630","NITRITE+NITRATE_DISSOLVED_00631_mg_L","RMK_00631","LEVEL_00631","NITROGEN_PARTICULATE_49570_mg_L","RMK_49570","LEVEL_49570","NITROGEN_TOTAL_DISSOLVED_49571_mg_L","RMK_49571","LEVEL_49571","NITROGEN_TOTAL_DISSOLVED_TDNLF_mg_L","RMK_TDNLF","LEVEL_TDNLF","PHOSPHORUS_mg_L","RMK_PHOSPHORUS","LEVEL_PHOSPHORUS","PHOSPHORUS_TOTAL_00665_mg_L","RMK_00665","LEVEL_00665","PHOSPHORUS_DISSOLVED_00666_mg_L","RMK_00666","LEVEL_00666","PHOSPHORUS_DISSOLVED_ORTHOPHOSPHATE_00671_mg_L","RMK_00671","LEVEL_00671","PHOSPHOROUS_PARTICULATE_49567_mg_L","RMK_49567","LEVEL_49567","PHOSPHOROUS_TOTAL_DISSOLVED_49572_mg_L","RMK_49572","LEVEL_49572","PHOSPHORUS_TOTAL_ORTHOPHOSPHATE_70507_mg_L","RMK_70507","LEVEL_70507","ORTHOPHOSPHATE_DISSOLVED_OPWLF_mg_L","RMK_OPWLF","LEVEL_OPWLF","PHOSPHORUS_SUSPENDED_INORGANIC_PIPLF_mg_L","RMK_PIPLF","LEVEL_PIPLF","PHOSPHORUS_PARTICULATE_PPWLF_mg_L","RMK_PPWLF","LEVEL_PPWLF","PHOSPHORUS_TOTAL_DISSOLVED_TDPLF_mg_L","RMK_TDPLF","LEVEL_TDPLF","HARDNESS_TOTAL_00900_mg_L","RMK_00900","LEVEL_00900","CHLORIDE_mg_L","RMK_CHLORIDE","LEVEL_CHLORIDE","CHLORIDE_TOTAL_00940_mg_L","RMK_00940","LEVEL_00940","CHLORIDE_DISSOLVED_00941_mg_L","RMK_00941","LEVEL_00941","SULFATE_mg_L","RMK_SULFATE","LEVEL_SULFATE","SULFATE_TOTAL_mg_L","RMK_SULFATE_TOTAL","LEVEL_SULFATE_TOTAL","SULFATE_DISS_mg_L","RMK_SULFATE_DISS","LEVEL_SULFATE_DISS","ECOLI","RMK_ECOLI","LEVEL_ECOLI","ECOLI_31648_NO_100mL","RMK_31648","LEVEL_31648","ENTEROCOCCI","RMK_ENTEROCOCCI","LEVEL_ENTEROCOCCI","FECAL_COLI","RMK_FECAL_COLI","LEVEL_FECAL_COLI","CHLOROPHYLL_A_ug_L","RMK_CHLOROPHYLL_A","LEVEL_CHLOROPHYLL_A","TSS_mg_L","RMK_TSS","LEVEL_TSS","TOTAL_SUSPENDED_SOLIDS_00530_mg_L","RMK_00530","LEVEL_00530","SSC_mg_L","RMK_SSC","LEVEL_SSC","TOTAL_SUSPENDED_SOLIDS_TSS45_mg_L","RMK_TSS45","LEVEL_TSS45","SECCHI_DEPTH_M","RMK_SECCHI_DEPTH","LEVEL_SECCHI_DEPTH","Latitude","Longitude","Waterbody","Huc6_Huc_8","Huc6_Huc_8_Name","Huc6_Name","Huc6_Vahu5","Huc6_Huc_12","Huc6_Huc_12_Name","Huc6_Vahu6","STA_LV1_CODE","LV1_DESCRIPTION","STA_LV2_CODE","LV2_DESCRIPTION","STA_LV3_CODE","LV3_DESCRIPTION","STA_CBP_NAME","OTHER_CITMON_NONAGENCY_INFO","Data_Source"
"2-CAT026.29",NA,"Downstr of Hogan Hollow","Blue Ridge","BRRO",2016-03-22 12:30:00,0,"S",50,NA,"FP",NA,NA,NA,NA,NA,NA,NA,12.69,NA,NA,12.69,NA,NA,NA,NA,NA,NA,NA,NA,359,NA,NA,NA,NA,NA,NA,NA,NA,NA,NA,NA,NA,NA,NA,NA,NA,NA,NA,NA,NA,NA,NA,NA,NA,NA,NA,NA,NA,NA,NA,NA,NA,NA,NA,NA,NA,NA,NA,NA,NA,NA,NA,NA,NA,NA,NA,NA,NA,NA,NA,NA,NA,NA,NA,NA,NA,NA,NA,NA,NA,NA,NA,NA,NA,NA,NA,NA,NA,NA,NA,NA,NA,NA,NA,NA,NA,NA,NA,NA,NA,NA,NA,NA,NA,NA,NA,NA,NA,NA,NA,NA,NA,NA,NA,NA,NA,NA,NA,NA,NA,NA,NA,NA,NA,NA,NA,NA,NA,NA,NA,NA,NA,NA,NA,NA,NA,NA,NA,NA,NA,NA,NA,NA,NA,NA,NA,NA,NA,NA,NA,NA,NA,NA,NA,NA,NA,NA,NA,NA,NA,37.43588889,-80.01784167,NA,"02080201","Upper James","Little Catawba Creek-Catawba Creek","JU-M","020802011301","Catawba Creek-Little Catawba Creek","JU52","STREAM","Station sample at stream(freshwater,freeflow,surface water)","AMBNT","Monitor ambient conditions of environment","APROB","Ambient Probabilistic Station","VA-1028",NA,"DEQ"
"2-CNE000.96",NA,"Crane Creek @ rt 600","Blue Ridge","BRRO",2016-11-09 09:40:00,0.03,"S",50,"000002","FP",NA,7.52,NA,NA,11.15,NA,NA,9.32,NA,NA,NA,NA,NA,9.32,NA,NA,NA,NA,NA,115,NA,NA,0.00637605426205193,NA,NA,0.42,NA,NA,0.01,"QQ",NA,0.28,NA,NA,0.28,NA,NA,0.42,NA,NA,NA,NA,NA,0.01,"QQ",NA,NA,NA,NA,0,"U",NA,NA,NA,NA,0.28,NA,NA,0.2,NA,NA,NA,NA,NA,NA,NA,NA,NA,NA,NA,NA,NA,NA,NA,NA,NA,0.01,NA,NA,0.01,NA,NA,NA,NA,NA,NA,NA,NA,NA,NA,NA,NA,NA,NA,0.02,NA,NA,NA,NA,NA,NA,NA,NA,NA,NA,NA,NA,NA,NA,NA,NA,NA,NA,NA,NA,NA,NA,NA,NA,NA,NA,NA,NA,NA,NA,NA,NA,NA,NA,NA,NA,NA,NA,NA,NA,NA,NA,NA,NA,NA,NA,NA,NA,NA,NA,NA,NA,NA,NA,NA,NA,NA,NA,NA,NA,NA,NA,NA,NA,NA,37.32027778,-78.6475,NA,"02080207","Appomattox","Vaughans Creek","JA-B","020802070204","Vaughans Creek","JA04","STREAM","Station sample at stream(freshwater,freeflow,surface water)","AMBNT","Monitor ambient conditions of environment","SSTUDY","Special Study Station",NA,NA,"DEQ"
"2-CRG014.92",NA,"Off Rt. 615 near RR trestle","Blue Ridge","BRRO",2015-10-15 14:15:00,0,"S",50,NA,"FP",NA,NA,NA,NA,NA,NA,NA,9.5,NA,NA,9.5,NA,NA,NA,NA,NA,NA,NA,NA,95,NA,NA,NA,NA,NA,NA,NA,NA,NA,NA,NA,NA,NA,NA,NA,NA,NA,NA,NA,NA,NA,NA,NA,NA,NA,NA,NA,NA,NA,NA,NA,NA,NA,NA,NA,NA,NA,NA,NA,NA,NA,NA,NA,NA,NA,NA,NA,NA,NA,NA,NA,NA,NA,NA,NA,NA,NA,NA,NA,NA,NA,NA,NA,NA,NA,NA,NA,NA,NA,NA,NA,NA,NA,NA,NA,NA,NA,NA,NA,NA,NA,NA,NA,NA,NA,NA,NA,NA,NA,NA,NA,NA,NA,NA,NA,NA,NA,NA,NA,NA,NA,NA,NA,NA,NA,NA,NA,NA,NA,NA,NA,NA,NA,NA,NA,NA,NA,NA,NA,NA,NA,NA,NA,NA,NA,NA,NA,NA,NA,NA,NA,NA,NA,NA,NA,NA,NA,NA,NA,NA,37.6438,-79.9216,NA,"02080201","Upper James","Mill Creek-Craig Creek","JU-L","020802011203","Craig Creek-Mill Creek","JU48","STREAM","Station sample at stream(freshwater,freeflow,surface water)","AMBNT","Monitor ambient conditions of environment","APROB","Ambient Probabilistic Station","VARS11-194",NA,"DEQ"
"2-CRG028.87",NA,"Upstr. of Slippery Ford","Blue Ridge","BRRO",2016-04-20 12:00:00,0,"S",50,NA,"FP",NA,NA,NA,NA,NA,NA,NA,9.35,NA,NA,9.35,NA,NA,NA,NA,NA,NA,NA,NA,108,NA,NA,NA,NA,NA,NA,NA,NA,NA,NA,NA,NA,NA,NA,NA,NA,NA,NA,NA,NA,NA,NA,NA,NA,NA,NA,NA,NA,NA,NA,NA,NA,NA,NA,NA,NA,NA,NA,NA,NA,NA,NA,NA,NA,NA,NA,NA,NA,NA,NA,NA,NA,NA,NA,NA,NA,NA,NA,NA,NA,NA,NA,NA,NA,NA,NA,NA,NA,NA,NA,NA,NA,NA,NA,NA,NA,NA,NA,NA,NA,NA,NA,NA,NA,NA,NA,NA,NA,NA,NA,NA,NA,NA,NA,NA,NA,NA,NA,NA,NA,NA,NA,NA,NA,NA,NA,NA,NA,NA,NA,NA,NA,NA,NA,NA,NA,NA,NA,NA,NA,NA,NA,NA,NA,NA,NA,NA,NA,NA,NA,NA,NA,NA,NA,NA,NA,NA,NA,NA,NA,37.59467222,-79.99886667,NA,"02080201","Upper James","Mill Creek-Craig Creek","JU-L","020802011203","Craig Creek-Mill Creek","JU48","STREAM","Station sample at stream(freshwater,freeflow,surface water)","AMBNT","Monitor ambient conditions of environment","APROB","Ambient Probabilistic Station","VA-1304",NA,"DEQ"
"2-DCK003.94",NA,"Off Rt. 658 north of Blue Healing Spring","Blue Ridge","BRRO",2015-03-11 11:45:00,0,"S",50,NA,"FP",NA,NA,NA,NA,NA,NA,NA,NA,NA,NA,NA,NA,NA,NA,NA,NA,NA,NA,NA,NA,NA,NA,NA,NA,NA,NA,NA,NA,NA,NA,NA,NA,NA,NA,NA,NA,NA,NA,NA,NA,NA,NA,NA,NA,NA,NA,NA,NA,NA,NA,NA,NA,NA,NA,NA,NA,NA,NA,NA,NA,NA,NA,NA,NA,NA,NA,NA,NA,NA,NA,NA,NA,NA,NA,NA,NA,NA,NA,NA,NA,NA,NA,NA,NA,NA,NA,NA,NA,NA,NA,NA,NA,NA,NA,NA,NA,NA,NA,NA,NA,NA,NA,NA,NA,NA,NA,NA,NA,NA,NA,NA,NA,NA,NA,NA,NA,NA,NA,NA,NA,NA,NA,NA,NA,NA,NA,NA,NA,NA,NA,NA,NA,NA,NA,NA,NA,NA,NA,NA,NA,NA,NA,NA,NA,NA,NA,NA,NA,NA,NA,NA,NA,NA,NA,NA,NA,NA,NA,NA,NA,37.46334445,-80.34827222,NA,"02080201","Upper James","Upper Johns Creek","JU-K","020802011101","Upper Johns Creek","JU44","STREAM","Station sample at stream(freshwater,freeflow,surface water)","AMBNT","Monitor ambient conditions of environment","APROB","Ambient Probabilistic Station","VAEQ99-481",NA,"DEQ"
"2-DCK003.94",NA,"Off Rt. 658 north of Blue Healing Spring","Blue Ridge","BRRO",2017-08-28 10:20:00,0.03,"S",50,"000002","FP",NA,8.32,NA,NA,15.9,NA,NA,8.46,NA,NA,NA,NA,NA,8.46,NA,NA,NA,NA,NA,35.8,NA,NA,0.00105854029088242,NA,NA,0.32,NA,NA,0,"U",NA,0.14,NA,NA,0.14,NA,NA,0.32,NA,NA,NA,NA,NA,0,"U",NA,NA,NA,NA,0,"U",NA,NA,NA,NA,0.14,NA,NA,0.1,NA,NA,NA,NA,NA,NA,NA,NA,NA,NA,NA,NA,NA,NA,NA,NA,NA,0.01,NA,NA,0.01,NA,NA,NA,NA,NA,NA,NA,NA,NA,NA,NA,NA,NA,NA,0,"U",NA,NA,NA,NA,NA,NA,NA,NA,NA,NA,NA,NA,NA,NA,NA,NA,NA,NA,NA,NA,NA,NA,NA,NA,NA,NA,NA,NA,NA,NA,NA,NA,NA,NA,NA,NA,NA,NA,NA,NA,NA,NA,NA,NA,NA,NA,NA,NA,NA,NA,NA,NA,NA,NA,NA,NA,NA,NA,NA,NA,NA,NA,NA,NA,37.46334445,-80.34827222,NA,"02080201","Upper James","Upper Johns Creek","JU-K","020802011101","Upper Johns Creek","JU44","STREAM","Station sample at stream(freshwater,freeflow,surface water)","AMBNT","Monitor ambient conditions of environment","APROB","Ambient Probabilistic Station","VAEQ99-481",NA,"DEQ"
"2-HAM000.37",NA,"Along Rhodes Ln. (Rt. 663)","Blue Ridge","BRRO",2016-03-22 10:30:00,0,"S",50,"000002","FP",NA,NA,NA,NA,NA,NA,NA,11.64,NA,NA,11.64,NA,NA,NA,NA,NA,NA,NA,NA,368,NA,NA,NA,NA,NA,NA,NA,NA,NA,NA,NA,NA,NA,NA,NA,NA,NA,NA,NA,NA,NA,NA,NA,NA,NA,NA,NA,NA,NA,NA,NA,NA,NA,NA,NA,NA,NA,NA,NA,NA,NA,NA,NA,NA,NA,NA,NA,NA,NA,NA,NA,NA,NA,NA,NA,NA,NA,NA,NA,NA,NA,NA,NA,NA,NA,NA,NA,NA,NA,NA,NA,NA,NA,NA,NA,NA,NA,NA,NA,NA,NA,NA,NA,NA,NA,NA,NA,NA,NA,NA,NA,NA,NA,NA,NA,NA,NA,NA,NA,NA,NA,NA,NA,NA,NA,NA,NA,NA,NA,NA,NA,NA,NA,NA,NA,NA,NA,NA,NA,NA,NA,NA,NA,NA,NA,NA,NA,NA,NA,NA,NA,NA,NA,NA,NA,NA,NA,NA,NA,NA,37.4128,-80.021,NA,"02080201","Upper James","Little Catawba Creek-Catawba Creek","JU-M","020802011301","Catawba Creek-Little Catawba Creek","JU52","STREAM","Station sample at stream(freshwater,freeflow,surface water)","AMBNT","Monitor ambient conditions of environment","APROB","Ambient Probabilistic Station","VARS11-015",NA,"DEQ"
"2-JKS028.69",NA,"North of Intervale","Blue Ridge","BRRO",2015-08-24 15:30:00,0,"S",50,NA,"FP",NA,NA,NA,NA,NA,NA,NA,NA,NA,NA,NA,NA,NA,NA,NA,NA,NA,NA,NA,NA,NA,NA,NA,NA,NA,NA,NA,NA,NA,NA,NA,NA,NA,NA,NA,NA,NA,NA,NA,NA,NA,NA,NA,NA,NA,NA,NA,NA,NA,NA,NA,NA,NA,NA,NA,NA,NA,NA,NA,NA,NA,NA,NA,NA,NA,NA,NA,NA,NA,NA,NA,NA,NA,NA,NA,NA,NA,NA,NA,NA,NA,NA,NA,NA,NA,NA,NA,NA,NA,NA,NA,NA,NA,NA,NA,NA,NA,NA,NA,NA,NA,NA,NA,NA,NA,NA,NA,NA,NA,NA,NA,NA,NA,NA,NA,NA,NA,NA,NA,NA,NA,NA,NA,NA,NA,NA,NA,NA,NA,NA,NA,NA,NA,NA,NA,NA,NA,NA,NA,NA,NA,NA,NA,NA,NA,NA,NA,NA,NA,NA,NA,NA,NA,NA,NA,NA,NA,NA,NA,NA,37.82269167,-79.98936667,NA,"02080201","Upper James","Indian Draft-Jackson River","JU-E","020802010503","Jackson River-Indian Draft","JU11","STREAM","Station sample at stream(freshwater,freeflow,surface water)","AMBNT","Monitor ambient conditions of environment","APROB","Ambient Probabilistic Station","VAEQ99-431",NA,"DEQ"
"2-JKS033.06",NA,"Below confl with Indian Draft","Blue Ridge","BRRO",2016-08-29 12:00:00,0,"S",50,"000002","FP",NA,NA,NA,NA,NA,NA,NA,9.43,NA,NA,9.43,NA,NA,NA,NA,NA,NA,NA,NA,176,NA,NA,NA,NA,NA,NA,NA,NA,NA,NA,NA,NA,NA,NA,NA,NA,NA,NA,NA,NA,NA,NA,NA,NA,NA,NA,NA,NA,NA,NA,NA,NA,NA,NA,NA,NA,NA,NA,NA,NA,NA,NA,NA,NA,NA,NA,NA,NA,NA,NA,NA,NA,NA,NA,NA,NA,NA,NA,NA,NA,NA,NA,NA,NA,NA,NA,NA,NA,NA,NA,NA,NA,NA,NA,NA,NA,NA,NA,NA,NA,NA,NA,NA,NA,NA,NA,NA,NA,NA,NA,NA,NA,NA,NA,NA,NA,NA,NA,NA,NA,NA,NA,NA,NA,NA,NA,NA,NA,NA,NA,NA,NA,NA,NA,NA,NA,NA,NA,NA,NA,NA,NA,NA,NA,NA,NA,NA,NA,NA,NA,NA,NA,NA,NA,NA,NA,NA,NA,NA,NA,37.85852778,-79.98352222,NA,"02080201","Upper James","Indian Draft-Jackson River","JU-E","020802010503","Jackson River-Indian Draft","JU11","STREAM","Station sample at stream(freshwater,freeflow,surface water)","AMBNT","Monitor ambient conditions of environment","APROB","Ambient Probabilistic Station","VA-1012",NA,"DEQ"
"2-JMS279.41",NA,"BLUE RIDGE PKWY BRIDGE ABOVE BIG ISLAND","Blue Ridge","BRRO",2015-06-09 10:30:00,0,"S",50,"045128","BN",NA,NA,NA,NA,NA,NA,NA,NA,NA,NA,NA,NA,NA,NA,NA,NA,NA,NA,NA,NA,NA,NA,NA,NA,NA,NA,NA,NA,NA,NA,NA,NA,NA,NA,NA,NA,NA,NA,NA,NA,NA,NA,NA,NA,NA,NA,NA,NA,NA,NA,NA,NA,NA,NA,NA,NA,NA,NA,NA,NA,NA,NA,NA,NA,NA,NA,NA,NA,NA,NA,NA,NA,NA,NA,NA,NA,NA,NA,NA,NA,NA,NA,NA,NA,NA,NA,NA,NA,NA,NA,NA,NA,NA,NA,NA,NA,NA,NA,NA,NA,NA,NA,NA,NA,NA,NA,NA,NA,NA,NA,NA,NA,NA,NA,NA,NA,NA,NA,NA,NA,NA,NA,NA,NA,NA,NA,NA,NA,NA,NA,NA,NA,NA,NA,NA,NA,NA,NA,NA,NA,NA,NA,NA,NA,NA,NA,NA,NA,NA,NA,NA,NA,NA,NA,NA,NA,NA,NA,NA,NA,37.555325,-79.36725556,NA,"02080203","Middle James Buffalo","Otter Creek-James River","JM-A","020802030101","James River-Otter Creek","JM01","STREAM","Station sample at stream(freshwater,freeflow,surface water)","AMBNT","Monitor ambient conditions of environment","ATRND","Ambient Trend Station","02024752",NA,"DEQ"
"2-JMS279.41",NA,"BLUE RIDGE PKWY BRIDGE ABOVE BIG ISLAND","Blue Ridge","BRRO",2015-06-23 08:45:00,0,"I",50,"045128","BN","CIMS EVENT = ONS. REMARK = NF.",8.1,NA,NA,28.23,NA,NA,6.85,NA,NA,NA,NA,NA,6.85,NA,NA,NA,NA,NA,403,NA,NA,0.0250590540947753,NA,NA,0.47,NA,NA,0.03,"QQ",NA,NA,NA,NA,NA,NA,NA,0.47,NA,NA,NA,NA,NA,0.03,"QQ",NA,NA,NA,NA,NA,NA,NA,NA,NA,NA,NA,NA,NA,NA,NA,NA,0.18,NA,NA,NA,NA,NA,NA,NA,NA,NA,NA,NA,NA,NA,NA,0.02,NA,NA,0.02,NA,NA,NA,NA,NA,NA,NA,NA,NA,NA,NA,NA,NA,NA,NA,NA,NA,0.01,NA,NA,NA,NA,NA,NA,NA,NA,NA,NA,NA,154,NA,NA,NA,NA,NA,NA,NA,NA,NA,NA,NA,NA,NA,NA,NA,NA,NA,NA,NA,NA,NA,NA,NA,NA,NA,NA,NA,NA,NA,NA,NA,NA,NA,NA,NA,5,NA,NA,5,NA,NA,3.11,NA,NA,NA,NA,NA,NA,NA,NA,37.555325,-79.36725556,NA,"02080203","Middle James Buffalo","Otter Creek-James River","JM-A","020802030101","James River-Otter Creek","JM01","STREAM","Station sample at stream(freshwater,freeflow,surface water)","AMBNT","Monitor ambient conditions of environment","ATRND","Ambient Trend Station","02024752",NA,"DEQ"
"2-JMS279.41",NA,"BLUE RIDGE PKWY BRIDGE ABOVE BIG ISLAND","Blue Ridge","BRRO",2015-11-20 09:45:00,0,"I",50,"045128","BN","REPLICATE SAMPLE",NA,NA,NA,NA,NA,NA,NA,NA,NA,NA,NA,NA,NA,NA,NA,NA,NA,NA,NA,NA,NA,NA,NA,NA,NA,NA,NA,NA,NA,NA,NA,NA,NA,NA,NA,NA,NA,NA,NA,NA,NA,NA,NA,NA,NA,NA,NA,NA,NA,NA,NA,NA,NA,NA,NA,NA,NA,NA,NA,NA,NA,NA,NA,NA,NA,NA,NA,NA,NA,NA,NA,NA,NA,NA,NA,NA,NA,NA,NA,NA,NA,NA,NA,NA,NA,NA,NA,NA,NA,NA,NA,NA,NA,NA,NA,NA,NA,NA,NA,NA,NA,NA,NA,NA,NA,NA,NA,NA,NA,NA,NA,NA,NA,NA,NA,NA,NA,NA,NA,NA,NA,NA,NA,NA,NA,NA,NA,NA,NA,NA,NA,NA,NA,NA,NA,NA,NA,NA,NA,NA,NA,NA,NA,NA,NA,NA,NA,NA,NA,NA,NA,NA,NA,NA,NA,NA,NA,NA,NA,37.555325,-79.36725556,NA,"02080203","Middle James Buffalo","Otter Creek-James River","JM-A","020802030101","James River-Otter Creek","JM01","STREAM","Station sample at stream(freshwater,freeflow,surface water)","AMBNT","Monitor ambient conditions of environment","ATRND","Ambient Trend Station","02024752",NA,"DEQ"
"2-JMS279.41",NA,"BLUE RIDGE PKWY BRIDGE ABOVE BIG ISLAND","Blue Ridge","BRRO",2016-08-10 13:00:00,0,"S",50,"045128","BN",NA,NA,NA,NA,NA,NA,NA,NA,NA,NA,NA,NA,NA,NA,NA,NA,NA,NA,NA,NA,NA,NA,NA,NA,NA,NA,NA,NA,NA,NA,NA,NA,NA,NA,NA,NA,NA,NA,NA,NA,NA,NA,NA,NA,NA,NA,NA,NA,NA,NA,NA,NA,NA,NA,NA,NA,NA,NA,NA,NA,NA,NA,NA,NA,NA,NA,NA,NA,NA,NA,NA,NA,NA,NA,NA,NA,NA,NA,NA,NA,NA,NA,NA,NA,NA,NA,NA,NA,NA,NA,NA,NA,NA,NA,NA,NA,NA,NA,NA,NA,NA,NA,NA,NA,NA,NA,NA,NA,NA,NA,NA,NA,NA,NA,NA,NA,NA,NA,NA,NA,NA,NA,NA,NA,NA,NA,NA,NA,NA,NA,NA,NA,NA,NA,NA,NA,NA,NA,NA,NA,NA,NA,NA,NA,NA,NA,NA,NA,NA,NA,NA,NA,NA,NA,NA,NA,NA,NA,NA,NA,37.555325,-79.36725556,NA,"02080203","Middle James Buffalo","Otter Creek-James River","JM-A","020802030101","James River-Otter Creek","JM01","STREAM","Station sample at stream(freshwater,freeflow,surface water)","AMBNT","Monitor ambient conditions of environment","ATRND","Ambient Trend Station","02024752",NA,"DEQ"
"2-JMS279.41",NA,"BLUE RIDGE PKWY BRIDGE ABOVE BIG ISLAND","Blue Ridge","BRRO",2017-01-24 12:25:00,0,"I",50,"045128","BN",NA,NA,NA,NA,NA,NA,NA,NA,NA,NA,NA,NA,NA,NA,NA,NA,NA,NA,NA,NA,NA,NA,NA,NA,NA,NA,NA,NA,NA,NA,NA,NA,NA,NA,NA,NA,NA,NA,NA,NA,NA,NA,NA,NA,NA,NA,NA,NA,NA,NA,NA,NA,NA,NA,NA,NA,NA,NA,NA,NA,NA,NA,NA,NA,NA,NA,NA,NA,NA,NA,NA,NA,NA,NA,NA,NA,NA,NA,NA,NA,NA,NA,NA,NA,NA,NA,NA,NA,NA,NA,NA,NA,NA,NA,NA,NA,NA,NA,NA,NA,NA,NA,NA,NA,NA,NA,NA,NA,NA,NA,NA,NA,NA,NA,NA,NA,NA,NA,NA,NA,NA,NA,NA,NA,NA,NA,NA,NA,NA,NA,NA,NA,NA,NA,NA,NA,NA,NA,NA,NA,NA,NA,NA,NA,NA,NA,NA,NA,NA,NA,NA,NA,NA,NA,NA,NA,NA,NA,NA,NA,37.555325,-79.36725556,NA,"02080203","Middle James Buffalo","Otter Creek-James River","JM-A","020802030101","James River-Otter Creek","JM01","STREAM","Station sample at stream(freshwater,freeflow,surface water)","AMBNT","Monitor ambient conditions of environment","ATRND","Ambient Trend Station","02024752",NA,"DEQ"
"2-JMS279.41",NA,"BLUE RIDGE PKWY BRIDGE ABOVE BIG ISLAND","Blue Ridge","BRRO",2017-03-07 13:00:00,0,"I",50,"045128","BN",NA,NA,NA,NA,NA,NA,NA,NA,NA,NA,NA,NA,NA,NA,NA,NA,NA,NA,NA,NA,NA,NA,NA,NA,NA,NA,NA,NA,NA,NA,NA,NA,NA,NA,NA,NA,NA,NA,NA,NA,NA,NA,NA,NA,NA,NA,NA,NA,NA,NA,NA,NA,NA,NA,NA,NA,NA,NA,NA,NA,NA,NA,NA,NA,NA,NA,NA,NA,NA,NA,NA,NA,NA,NA,NA,NA,NA,NA,NA,NA,NA,NA,NA,NA,NA,NA,NA,NA,NA,NA,NA,NA,NA,NA,NA,NA,NA,NA,NA,NA,NA,NA,NA,NA,NA,NA,NA,NA,NA,NA,NA,NA,NA,NA,NA,NA,NA,NA,NA,NA,NA,NA,NA,NA,NA,NA,NA,NA,NA,NA,NA,NA,NA,NA,NA,NA,NA,NA,NA,NA,NA,NA,NA,NA,NA,NA,NA,NA,NA,NA,NA,NA,NA,NA,NA,NA,NA,NA,NA,NA,37.555325,-79.36725556,NA,"02080203","Middle James Buffalo","Otter Creek-James River","JM-A","020802030101","James River-Otter Creek","JM01","STREAM","Station sample at stream(freshwater,freeflow,surface water)","AMBNT","Monitor ambient conditions of environment","ATRND","Ambient Trend Station","02024752",NA,"DEQ"
"2-JMS279.41",NA,"BLUE RIDGE PKWY BRIDGE ABOVE BIG ISLAND","Blue Ridge","BRRO",2017-04-03 11:15:00,0,"I",50,"045128","BN",NA,NA,NA,NA,NA,NA,NA,NA,NA,NA,NA,NA,NA,NA,NA,NA,NA,NA,NA,NA,NA,NA,NA,NA,NA,NA,NA,NA,NA,NA,NA,NA,NA,NA,NA,NA,NA,NA,NA,NA,NA,NA,NA,NA,NA,NA,NA,NA,NA,NA,NA,NA,NA,NA,NA,NA,NA,NA,NA,NA,NA,NA,NA,NA,NA,NA,NA,NA,NA,NA,NA,NA,NA,NA,NA,NA,NA,NA,NA,NA,NA,NA,NA,NA,NA,NA,NA,NA,NA,NA,NA,NA,NA,NA,NA,NA,NA,NA,NA,NA,NA,NA,NA,NA,NA,NA,NA,NA,NA,NA,NA,NA,NA,NA,NA,NA,NA,NA,NA,NA,NA,NA,NA,NA,NA,NA,NA,NA,NA,NA,NA,NA,NA,NA,NA,NA,NA,NA,NA,NA,NA,NA,NA,NA,NA,NA,NA,NA,NA,NA,NA,NA,NA,NA,NA,NA,NA,NA,NA,NA,37.555325,-79.36725556,NA,"02080203","Middle James Buffalo","Otter Creek-James River","JM-A","020802030101","James River-Otter Creek","JM01","STREAM","Station sample at stream(freshwater,freeflow,surface water)","AMBNT","Monitor ambient conditions of environment","ATRND","Ambient Trend Station","02024752",NA,"DEQ"
"2-JMS279.41",NA,"BLUE RIDGE PKWY BRIDGE ABOVE BIG ISLAND","Blue Ridge","BRRO",2018-02-06 12:40:00,0,"I",50,"045128","BN",NA,NA,NA,NA,NA,NA,NA,NA,NA,NA,NA,NA,NA,NA,NA,NA,NA,NA,NA,NA,NA,NA,NA,NA,NA,NA,NA,NA,NA,NA,NA,NA,NA,NA,NA,NA,NA,NA,NA,NA,NA,NA,NA,NA,NA,NA,NA,NA,NA,NA,NA,NA,NA,NA,NA,NA,NA,NA,NA,NA,NA,NA,NA,NA,NA,NA,NA,NA,NA,NA,NA,NA,NA,NA,NA,NA,NA,NA,NA,NA,NA,NA,NA,NA,NA,NA,NA,NA,NA,NA,NA,NA,NA,NA,NA,NA,NA,NA,NA,NA,NA,NA,NA,NA,NA,NA,NA,NA,NA,NA,NA,NA,NA,NA,NA,NA,NA,NA,NA,NA,NA,NA,NA,NA,NA,NA,NA,NA,NA,NA,NA,NA,NA,NA,NA,NA,NA,NA,NA,NA,NA,NA,NA,NA,NA,NA,NA,NA,NA,NA,NA,NA,NA,NA,NA,NA,NA,NA,NA,NA,37.555325,-79.36725556,NA,"02080203","Middle James Buffalo","Otter Creek-James River","JM-A","020802030101","James River-Otter Creek","JM01","STREAM","Station sample at stream(freshwater,freeflow,surface water)","AMBNT","Monitor ambient conditions of environment","ATRND","Ambient Trend Station","02024752",NA,"DEQ"
"2-JMS279.41",NA,"BLUE RIDGE PKWY BRIDGE ABOVE BIG ISLAND","Blue Ridge","BRRO",2018-04-25 11:30:00,0,"I",50,"045128","BN",NA,NA,NA,NA,NA,NA,NA,NA,NA,NA,NA,NA,NA,NA,NA,NA,NA,NA,NA,NA,NA,NA,NA,NA,NA,NA,NA,NA,NA,NA,NA,NA,NA,NA,NA,NA,NA,NA,NA,NA,NA,NA,NA,NA,NA,NA,NA,NA,NA,NA,NA,NA,NA,NA,NA,NA,NA,NA,NA,NA,NA,NA,NA,NA,NA,NA,NA,NA,NA,NA,NA,NA,NA,NA,NA,NA,NA,NA,NA,NA,NA,NA,NA,NA,NA,NA,NA,NA,NA,NA,NA,NA,NA,NA,NA,NA,NA,NA,NA,NA,NA,NA,NA,NA,NA,NA,NA,NA,NA,NA,NA,NA,NA,NA,NA,NA,NA,NA,NA,NA,NA,NA,NA,NA,NA,NA,NA,NA,NA,NA,NA,NA,NA,NA,NA,NA,NA,NA,NA,NA,NA,NA,NA,NA,NA,NA,NA,NA,NA,NA,NA,NA,NA,NA,NA,NA,NA,NA,NA,NA,37.555325,-79.36725556,NA,"02080203","Middle James Buffalo","Otter Creek-James River","JM-A","020802030101","James River-Otter Creek","JM01","STREAM","Station sample at stream(freshwater,freeflow,surface water)","AMBNT","Monitor ambient conditions of environment","ATRND","Ambient Trend Station","02024752",NA,"DEQ"
"2-JMS279.41",NA,"BLUE RIDGE PKWY BRIDGE ABOVE BIG ISLAND","Blue Ridge","BRRO",2018-04-30 13:30:00,0,"I",50,"045128","BN",NA,NA,NA,NA,NA,NA,NA,NA,NA,NA,NA,NA,NA,NA,NA,NA,NA,NA,NA,NA,NA,NA,NA,NA,NA,NA,NA,NA,NA,NA,NA,NA,NA,NA,NA,NA,NA,NA,NA,NA,NA,NA,NA,NA,NA,NA,NA,NA,NA,NA,NA,NA,NA,NA,NA,NA,NA,NA,NA,NA,NA,NA,NA,NA,NA,NA,NA,NA,NA,NA,NA,NA,NA,NA,NA,NA,NA,NA,NA,NA,NA,NA,NA,NA,NA,NA,NA,NA,NA,NA,NA,NA,NA,NA,NA,NA,NA,NA,NA,NA,NA,NA,NA,NA,NA,NA,NA,NA,NA,NA,NA,NA,NA,NA,NA,NA,NA,NA,NA,NA,NA,NA,NA,NA,NA,NA,NA,NA,NA,NA,NA,NA,NA,NA,NA,NA,NA,NA,NA,NA,NA,NA,NA,NA,NA,NA,NA,NA,NA,NA,NA,NA,NA,NA,NA,NA,NA,NA,NA,NA,37.555325,-79.36725556,NA,"02080203","Middle James Buffalo","Otter Creek-James River","JM-A","020802030101","James River-Otter Creek","JM01","STREAM","Station sample at stream(freshwater,freeflow,surface water)","AMBNT","Monitor ambient conditions of environment","ATRND","Ambient Trend Station","02024752",NA,"DEQ"
"2-JMS279.41",NA,"BLUE RIDGE PKWY BRIDGE ABOVE BIG ISLAND","Blue Ridge","BRRO",2018-10-12 08:40:00,0,"I",50,"045128","BN",NA,NA,NA,NA,NA,NA,NA,NA,NA,NA,NA,NA,NA,NA,NA,NA,NA,NA,NA,NA,NA,NA,NA,NA,NA,NA,NA,NA,NA,NA,NA,NA,NA,NA,NA,NA,NA,NA,NA,NA,NA,NA,NA,NA,NA,NA,NA,NA,NA,NA,NA,NA,NA,NA,NA,NA,NA,NA,NA,NA,NA,NA,NA,NA,NA,NA,NA,NA,NA,NA,NA,NA,NA,NA,NA,NA,NA,NA,NA,NA,NA,NA,NA,NA,NA,NA,NA,NA,NA,NA,NA,NA,NA,NA,NA,NA,NA,NA,NA,NA,NA,NA,NA,NA,NA,NA,NA,NA,NA,NA,NA,NA,NA,NA,NA,NA,NA,NA,NA,NA,NA,NA,NA,NA,NA,NA,NA,NA,NA,NA,NA,NA,NA,NA,NA,NA,NA,NA,NA,NA,NA,NA,NA,NA,NA,NA,NA,NA,NA,NA,NA,NA,NA,NA,NA,NA,NA,NA,NA,NA,37.555325,-79.36725556,NA,"02080203","Middle James Buffalo","Otter Creek-James River","JM-A","020802030101","James River-Otter Creek","JM01","STREAM","Station sample at stream(freshwater,freeflow,surface water)","AMBNT","Monitor ambient conditions of environment","ATRND","Ambient Trend Station","02024752",NA,"DEQ"
"2-JMS279.41",NA,"BLUE RIDGE PKWY BRIDGE ABOVE BIG ISLAND","Blue Ridge","BRRO",2018-12-05 13:10:00,0,"I",50,"045128","BN",NA,NA,NA,NA,NA,NA,NA,NA,NA,NA,NA,NA,NA,NA,NA,NA,NA,NA,NA,NA,NA,NA,NA,NA,NA,NA,NA,NA,NA,NA,NA,NA,NA,NA,NA,NA,NA,NA,NA,NA,NA,NA,NA,NA,NA,NA,NA,NA,NA,NA,NA,NA,NA,NA,NA,NA,NA,NA,NA,NA,NA,NA,NA,NA,NA,NA,NA,NA,NA,NA,NA,NA,NA,NA,NA,NA,NA,NA,NA,NA,NA,NA,NA,NA,NA,NA,NA,NA,NA,NA,NA,NA,NA,NA,NA,NA,NA,NA,NA,NA,NA,NA,NA,NA,NA,NA,NA,NA,NA,NA,NA,NA,NA,NA,NA,NA,NA,NA,NA,NA,NA,NA,NA,NA,NA,NA,NA,NA,NA,NA,NA,NA,NA,NA,NA,NA,NA,NA,NA,NA,NA,NA,NA,NA,NA,NA,NA,NA,NA,NA,NA,NA,NA,NA,NA,NA,NA,NA,NA,NA,37.555325,-79.36725556,NA,"02080203","Middle James Buffalo","Otter Creek-James River","JM-A","020802030101","James River-Otter Creek","JM01","STREAM","Station sample at stream(freshwater,freeflow,surface water)","AMBNT","Monitor ambient conditions of environment","ATRND","Ambient Trend Station","02024752",NA,"DEQ"
"2-JMS279.41",NA,"BLUE RIDGE PKWY BRIDGE ABOVE BIG ISLAND","Blue Ridge","BRRO",2019-02-25 10:45:00,0,"I",50,"045128","BN",NA,NA,NA,NA,NA,NA,NA,NA,NA,NA,NA,NA,NA,NA,NA,NA,NA,NA,NA,NA,NA,NA,NA,NA,NA,NA,NA,NA,NA,NA,NA,NA,NA,NA,NA,NA,NA,NA,NA,NA,NA,NA,NA,NA,NA,NA,NA,NA,NA,NA,NA,NA,NA,NA,NA,NA,NA,NA,NA,NA,NA,NA,NA,NA,NA,NA,NA,NA,NA,NA,NA,NA,NA,NA,NA,NA,NA,NA,NA,NA,NA,NA,NA,NA,NA,NA,NA,NA,NA,NA,NA,NA,NA,NA,NA,NA,NA,NA,NA,NA,NA,NA,NA,NA,NA,NA,NA,NA,NA,NA,NA,NA,NA,NA,NA,NA,NA,NA,NA,NA,NA,NA,NA,NA,NA,NA,NA,NA,NA,NA,NA,NA,NA,NA,NA,NA,NA,NA,NA,NA,NA,NA,NA,NA,NA,NA,NA,NA,NA,NA,NA,NA,NA,NA,NA,NA,NA,NA,NA,NA,37.555325,-79.36725556,NA,"02080203","Middle James Buffalo","Otter Creek-James River","JM-A","020802030101","James River-Otter Creek","JM01","STREAM","Station sample at stream(freshwater,freeflow,surface water)","AMBNT","Monitor ambient conditions of environment","ATRND","Ambient Trend Station","02024752",NA,"DEQ"
"2-JMS279.41",NA,"BLUE RIDGE PKWY BRIDGE ABOVE BIG ISLAND","Blue Ridge","BRRO",2019-05-29 09:45:00,0,"I",50,"045128","BN","Other, non storm sample  CIMS Event = ONS  CIMS remark = NF  Barometric Pressure = 745.1",8.26,NA,NA,25.79,NA,NA,7.98,NA,NA,NA,NA,NA,7.98,NA,NA,NA,NA,NA,292,NA,NA,0.0171648932753857,NA,NA,0.42,NA,NA,0.03,"QQ",NA,NA,NA,NA,NA,NA,NA,0.42,NA,NA,NA,NA,NA,0.03,"QQ",NA,NA,NA,NA,NA,NA,NA,NA,NA,NA,NA,NA,NA,NA,NA,NA,0.27,NA,NA,NA,NA,NA,NA,NA,NA,NA,NA,NA,NA,NA,NA,0.02,NA,NA,0.02,NA,NA,NA,NA,NA,NA,NA,NA,NA,NA,NA,NA,NA,NA,NA,NA,NA,0.003,"QQ",NA,NA,NA,NA,NA,NA,NA,NA,NA,NA,124,NA,NA,NA,NA,NA,NA,NA,NA,NA,NA,NA,NA,NA,NA,NA,NA,NA,NA,NA,NA,NA,NA,NA,NA,NA,NA,NA,NA,NA,NA,NA,NA,NA,NA,NA,3,NA,NA,3,NA,NA,2,NA,NA,NA,NA,NA,NA,NA,NA,37.555325,-79.36725556,NA,"02080203","Middle James Buffalo","Otter Creek-James River","JM-A","020802030101","James River-Otter Creek","JM01","STREAM","Station sample at stream(freshwater,freeflow,surface water)","AMBNT","Monitor ambient conditions of environment","ATRND","Ambient Trend Station","02024752",NA,"DEQ"
"2-JMS279.41",NA,"BLUE RIDGE PKWY BRIDGE ABOVE BIG ISLAND","Blue Ridge","BRRO",2019-07-23 12:00:00,0,"I",50,"045128","BN",NA,NA,NA,NA,NA,NA,NA,NA,NA,NA,NA,NA,NA,NA,NA,NA,NA,NA,NA,NA,NA,NA,NA,NA,NA,NA,NA,NA,NA,NA,NA,NA,NA,NA,NA,NA,NA,NA,NA,NA,NA,NA,NA,NA,NA,NA,NA,NA,NA,NA,NA,NA,NA,NA,NA,NA,NA,NA,NA,NA,NA,NA,NA,NA,NA,NA,NA,NA,NA,NA,NA,NA,NA,NA,NA,NA,NA,NA,NA,NA,NA,NA,NA,NA,NA,NA,NA,NA,NA,NA,NA,NA,NA,NA,NA,NA,NA,NA,NA,NA,NA,NA,NA,NA,NA,NA,NA,NA,NA,NA,NA,NA,NA,NA,NA,NA,NA,NA,NA,NA,NA,NA,NA,NA,NA,NA,NA,NA,NA,NA,NA,NA,NA,NA,NA,NA,NA,NA,NA,NA,NA,NA,NA,NA,NA,NA,NA,NA,NA,NA,NA,NA,NA,NA,NA,NA,NA,NA,NA,NA,37.555325,-79.36725556,NA,"02080203","Middle James Buffalo","Otter Creek-James River","JM-A","020802030101","James River-Otter Creek","JM01","STREAM","Station sample at stream(freshwater,freeflow,surface water)","AMBNT","Monitor ambient conditions of environment","ATRND","Ambient Trend Station","02024752",NA,"DEQ"
"2-JMS279.41",NA,"BLUE RIDGE PKWY BRIDGE ABOVE BIG ISLAND","Blue Ridge","BRRO",2019-10-07 10:15:00,0,"I",50,"045128","BN","Other, non-storm targeted samples.  CIMS Event = ONS  CIMS remark = NF  Barometric Pressure = 752.6",8.25,NA,NA,19.96,NA,NA,8.8,NA,NA,NA,NA,NA,8.8,NA,NA,NA,NA,NA,466,NA,NA,0.0313203404007754,NA,NA,0.27,NA,NA,0.02,"QQ",NA,NA,NA,NA,NA,NA,NA,0.27,NA,NA,NA,NA,NA,0.02,"QQ",NA,NA,NA,NA,NA,NA,NA,NA,NA,NA,NA,NA,NA,NA,NA,NA,0.04,NA,NA,NA,NA,NA,NA,NA,NA,NA,NA,NA,NA,NA,NA,0.02,NA,NA,0.02,NA,NA,NA,NA,NA,NA,NA,NA,NA,NA,NA,NA,NA,NA,NA,NA,NA,0.006,"QQ",NA,NA,NA,NA,NA,NA,NA,NA,NA,NA,163,NA,NA,NA,NA,NA,NA,NA,NA,NA,NA,NA,NA,NA,NA,NA,NA,NA,NA,NA,NA,NA,NA,NA,NA,NA,NA,NA,NA,NA,NA,NA,NA,NA,NA,NA,5,NA,NA,5,NA,NA,4.17,NA,NA,NA,NA,NA,NA,NA,NA,37.555325,-79.36725556,NA,"02080203","Middle James Buffalo","Otter Creek-James River","JM-A","020802030101","James River-Otter Creek","JM01","STREAM","Station sample at stream(freshwater,freeflow,surface water)","AMBNT","Monitor ambient conditions of environment","ATRND","Ambient Trend Station","02024752",NA,"DEQ"
"2-JMS279.41",NA,"BLUE RIDGE PKWY BRIDGE ABOVE BIG ISLAND","Blue Ridge","BRRO",2019-10-07 10:30:00,0,"I",50,"045128","BN",NA,NA,NA,NA,NA,NA,NA,NA,NA,NA,NA,NA,NA,NA,NA,NA,NA,NA,NA,NA,NA,NA,NA,NA,NA,NA,NA,NA,NA,NA,NA,NA,NA,NA,NA,NA,NA,NA,NA,NA,NA,NA,NA,NA,NA,NA,NA,NA,NA,NA,NA,NA,NA,NA,NA,NA,NA,NA,NA,NA,NA,NA,NA,NA,NA,NA,NA,NA,NA,NA,NA,NA,NA,NA,NA,NA,NA,NA,NA,NA,NA,NA,NA,NA,NA,NA,NA,NA,NA,NA,NA,NA,NA,NA,NA,NA,NA,NA,NA,NA,NA,NA,NA,NA,NA,NA,NA,NA,NA,NA,NA,NA,NA,NA,NA,NA,NA,NA,NA,NA,NA,NA,NA,NA,NA,NA,NA,NA,NA,NA,NA,NA,NA,NA,NA,NA,NA,NA,NA,NA,NA,NA,NA,NA,NA,NA,NA,NA,NA,NA,NA,NA,NA,NA,NA,NA,NA,NA,NA,NA,37.555325,-79.36725556,NA,"02080203","Middle James Buffalo","Otter Creek-James River","JM-A","020802030101","James River-Otter Creek","JM01","STREAM","Station sample at stream(freshwater,freeflow,surface water)","AMBNT","Monitor ambient conditions of environment","ATRND","Ambient Trend Station","02024752",NA,"DEQ"
"2-JMS279.41",NA,"BLUE RIDGE PKWY BRIDGE ABOVE BIG ISLAND","Blue Ridge","BRRO",2020-02-07 09:55:00,0,"I",50,"045128","BN",NA,NA,NA,NA,NA,NA,NA,NA,NA,NA,NA,NA,NA,NA,NA,NA,NA,NA,NA,NA,NA,NA,NA,NA,NA,NA,NA,NA,NA,NA,NA,NA,NA,NA,NA,NA,NA,NA,NA,NA,NA,NA,NA,NA,NA,NA,NA,NA,NA,NA,NA,NA,NA,NA,NA,NA,NA,NA,NA,NA,NA,NA,NA,NA,NA,NA,NA,NA,NA,NA,NA,NA,NA,NA,NA,NA,NA,NA,NA,NA,NA,NA,NA,NA,NA,NA,NA,NA,NA,NA,NA,NA,NA,NA,NA,NA,NA,NA,NA,NA,NA,NA,NA,NA,NA,NA,NA,NA,NA,NA,NA,NA,NA,NA,NA,NA,NA,NA,NA,NA,NA,NA,NA,NA,NA,NA,NA,NA,NA,NA,NA,NA,NA,NA,NA,NA,NA,NA,NA,NA,NA,NA,NA,NA,NA,NA,NA,NA,NA,NA,NA,NA,NA,NA,NA,NA,NA,NA,NA,NA,37.555325,-79.36725556,NA,"02080203","Middle James Buffalo","Otter Creek-James River","JM-A","020802030101","James River-Otter Creek","JM01","STREAM","Station sample at stream(freshwater,freeflow,surface water)","AMBNT","Monitor ambient conditions of environment","ATRND","Ambient Trend Station","02024752",NA,"DEQ"
"2-JMS345.73",NA,"ROUTE 220 - 1ST BRIDGE BELOW COWPASTURE","Blue Ridge","BRRO",2018-02-08 13:15:00,0.03,"S",50,"170520","SS",NA,7.2,NA,NA,3.72,NA,NA,12.53,NA,NA,NA,NA,NA,12.53,NA,NA,NA,NA,NA,89,NA,NA,0.00524593766494517,NA,NA,NA,NA,NA,NA,NA,NA,NA,NA,NA,NA,NA,NA,NA,NA,NA,NA,NA,NA,NA,NA,NA,NA,NA,NA,NA,NA,NA,NA,NA,NA,NA,NA,NA,NA,NA,NA,NA,NA,NA,NA,NA,NA,NA,NA,NA,NA,NA,NA,NA,NA,NA,NA,NA,NA,NA,NA,NA,NA,NA,NA,NA,NA,NA,NA,NA,NA,NA,NA,NA,NA,NA,NA,NA,NA,NA,NA,NA,NA,NA,NA,NA,NA,NA,NA,NA,NA,NA,NA,NA,NA,NA,NA,NA,NA,NA,NA,NA,NA,NA,NA,NA,NA,NA,NA,NA,NA,NA,NA,NA,NA,NA,NA,NA,NA,NA,NA,NA,NA,NA,NA,77.8,NA,NA,NA,NA,NA,77.8,NA,NA,NA,NA,NA,NA,NA,NA,37.77555556,-79.78083333,NA,"02080201","Upper James","Big Creek-James River","JU-I","020802010901","James River-Big Creek","JU37","STREAM","Station sample at stream(freshwater,freeflow,surface water)","AMBNT","Monitor ambient conditions of environment","BIOMON","Biological Monitoring site",NA,NA,"DEQ"
"2-MEO000.38",NA,"RT. 311 BRIDGE","Blue Ridge","BRRO",2019-07-01 10:20:00,0,"S",50,"000002","AW",NA,NA,NA,NA,NA,NA,NA,NA,NA,NA,NA,NA,NA,NA,NA,NA,NA,NA,NA,NA,NA,NA,NA,NA,NA,NA,NA,NA,NA,NA,NA,NA,NA,NA,NA,NA,NA,NA,NA,NA,NA,NA,NA,NA,NA,NA,NA,NA,NA,NA,NA,NA,NA,NA,NA,NA,NA,NA,NA,NA,NA,NA,NA,NA,NA,NA,NA,NA,NA,NA,NA,NA,NA,NA,NA,NA,NA,NA,NA,NA,NA,NA,NA,NA,NA,NA,NA,NA,NA,NA,NA,NA,NA,NA,NA,NA,NA,NA,NA,NA,NA,NA,NA,NA,NA,NA,NA,NA,NA,NA,NA,NA,NA,NA,NA,NA,NA,NA,NA,NA,NA,NA,NA,NA,NA,NA,NA,NA,NA,NA,NA,NA,NA,NA,NA,NA,NA,NA,NA,NA,NA,NA,NA,NA,NA,NA,NA,NA,NA,NA,NA,NA,NA,NA,NA,NA,NA,NA,NA,NA,37.493981,-80.106671,NA,"02080201","Upper James","Meadow Creek","JU-J","020802011002","Meadow Creek","JU42","STREAM","Station sample at stream(freshwater,freeflow,surface water)","AMBNT","Monitor ambient conditions of environment","AWTSHD","Ambient Watershed Station",NA,NA,"DEQ"
"2-NHC001.00",NA,"N Holiday Cr @ Old Richmond Rd","Piedmont","BRRO",2017-10-30 09:50:00,0.03,"S",50,"000002","TR",NA,7.25,NA,NA,12.61,NA,NA,9.89,NA,NA,NA,NA,NA,9.89,NA,NA,NA,NA,NA,25,NA,NA,0.00064955585717764,NA,NA,NA,NA,NA,NA,NA,NA,NA,NA,NA,NA,NA,NA,NA,NA,NA,NA,NA,NA,NA,NA,NA,NA,NA,NA,NA,NA,NA,NA,NA,NA,NA,NA,NA,NA,NA,NA,NA,NA,NA,NA,NA,NA,NA,NA,NA,NA,NA,NA,NA,NA,NA,NA,NA,NA,NA,NA,NA,NA,NA,NA,NA,NA,NA,NA,NA,NA,NA,NA,NA,NA,NA,NA,NA,NA,NA,NA,NA,NA,NA,NA,NA,NA,NA,NA,NA,NA,NA,NA,NA,NA,NA,NA,NA,NA,NA,NA,NA,NA,NA,NA,NA,NA,NA,NA,NA,NA,NA,NA,NA,NA,NA,NA,NA,NA,NA,NA,NA,NA,NA,NA,NA,NA,NA,NA,NA,NA,NA,NA,NA,NA,NA,NA,NA,NA,NA,37.435828,-78.667508,NA,"02080207","Appomattox","Fishpond Creek-Appomattox River","JA-B","020802070203","Appomattox River-Fishpond Creek","JA03","STREAM","Station sample at stream(freshwater,freeflow,surface water)","AMBNT","Monitor ambient conditions of environment","BIOMON","Biological Monitoring site",NA,NA,"DEQ"
"2-POT038.71",NA,"Off Rt. 17 nr buffalo farm","Blue Ridge","BRRO",2020-08-18 09:45:00,0,"S",50,"000002","FP",NA,NA,NA,NA,NA,NA,NA,NA,NA,NA,NA,NA,NA,NA,NA,NA,NA,NA,NA,NA,NA,NA,NA,NA,NA,NA,NA,NA,NA,NA,NA,NA,NA,NA,NA,NA,NA,NA,NA,NA,NA,NA,NA,NA,NA,NA,NA,NA,NA,NA,NA,NA,NA,NA,NA,NA,NA,NA,NA,NA,NA,NA,NA,NA,NA,NA,NA,NA,NA,NA,NA,NA,NA,NA,NA,NA,NA,NA,NA,NA,NA,NA,NA,NA,NA,NA,NA,NA,NA,NA,NA,NA,NA,NA,NA,NA,NA,NA,NA,NA,NA,NA,NA,NA,NA,NA,NA,NA,NA,NA,NA,NA,NA,NA,NA,NA,NA,NA,NA,NA,NA,NA,NA,NA,NA,NA,NA,NA,NA,NA,NA,NA,NA,NA,NA,NA,NA,NA,NA,NA,NA,NA,NA,NA,NA,NA,NA,NA,NA,NA,NA,NA,NA,NA,NA,NA,NA,NA,NA,NA,37.54115,-80.323431,NA,"02080201","Upper James","Trout Branch-Potts Creek","JU-D","020802010402","Potts Creek-Trout Branch","JU17","STREAM","Station sample at stream(freshwater,freeflow,surface water)","AMBNT","Monitor ambient conditions of environment","APROB","Ambient Probabilistic Station",NA,NA,"DEQ"
"2-RED003.65",NA,"Downstream of Rt. 637 Crossing","Blue Ridge","BRRO",2015-04-02 11:45:00,0,"S",50,"000002","FP",NA,NA,NA,NA,NA,NA,NA,11.42,NA,NA,11.42,NA,NA,NA,NA,NA,NA,NA,NA,34,NA,NA,NA,NA,NA,NA,NA,NA,NA,NA,NA,NA,NA,NA,NA,NA,NA,NA,NA,NA,NA,NA,NA,NA,NA,NA,NA,NA,NA,NA,NA,NA,NA,NA,NA,NA,NA,NA,NA,NA,NA,NA,NA,NA,NA,NA,NA,NA,NA,NA,NA,NA,NA,NA,NA,NA,NA,NA,NA,NA,NA,NA,NA,NA,NA,NA,NA,NA,NA,NA,NA,NA,NA,NA,NA,NA,NA,NA,NA,NA,NA,NA,NA,NA,NA,NA,NA,NA,NA,NA,NA,NA,NA,NA,NA,NA,NA,NA,NA,NA,NA,NA,NA,NA,NA,NA,NA,NA,NA,NA,NA,NA,NA,NA,NA,NA,NA,NA,NA,NA,NA,NA,NA,NA,NA,NA,NA,NA,NA,NA,NA,NA,NA,NA,NA,NA,NA,NA,NA,NA,37.509431,-79.38294,NA,"02080203","Middle James Buffalo","Reed Creek","JM-A","020802030102","Reed Creek","JM02","STREAM","Station sample at stream(freshwater,freeflow,surface water)","AMBNT","Monitor ambient conditions of environment","APROB","Ambient Probabilistic Station","VAEQ99-489",NA,"DEQ"
"2-YST000.64",NA,"Off Jennings Cr Rd 9Rt 614)","Blue Ridge","BRRO",2015-03-23 10:30:00,0,"S",50,NA,"FP",NA,NA,NA,NA,NA,NA,NA,NA,NA,NA,NA,NA,NA,NA,NA,NA,NA,NA,NA,NA,NA,NA,NA,NA,NA,NA,NA,NA,NA,NA,NA,NA,NA,NA,NA,NA,NA,NA,NA,NA,NA,NA,NA,NA,NA,NA,NA,NA,NA,NA,NA,NA,NA,NA,NA,NA,NA,NA,NA,NA,NA,NA,NA,NA,NA,NA,NA,NA,NA,NA,NA,NA,NA,NA,NA,NA,NA,NA,NA,NA,NA,NA,NA,NA,NA,NA,NA,NA,NA,NA,NA,NA,NA,NA,NA,NA,NA,NA,NA,NA,NA,NA,NA,NA,NA,NA,NA,NA,NA,NA,NA,NA,NA,NA,NA,NA,NA,NA,NA,NA,NA,NA,NA,NA,NA,NA,NA,NA,NA,NA,NA,NA,NA,NA,NA,NA,NA,NA,NA,NA,NA,NA,NA,NA,NA,NA,NA,NA,NA,NA,NA,NA,NA,NA,NA,NA,NA,NA,NA,NA,37.50669444,-79.629,NA,"02080201","Upper James","North Creek-Jennings Creek","JU-O","020802011502","Jennings Creek-North Creek","JU57","STREAM","Station sample at stream(freshwater,freeflow,surface water)","AMBNT","Monitor ambient conditions of environment","APROB","Ambient Probabilistic Station","VARS11-305",NA,"DEQ"
"4ABAU000.25",NA,"Off Kohler Road","Blue Ridge","BRRO",2015-05-27 10:30:00,0,"S",50,NA,"FP",NA,NA,NA,NA,NA,NA,NA,NA,NA,NA,NA,NA,NA,NA,NA,NA,NA,NA,NA,NA,NA,NA,NA,NA,NA,NA,NA,NA,NA,NA,NA,NA,NA,NA,NA,NA,NA,NA,NA,NA,NA,NA,NA,NA,NA,NA,NA,NA,NA,NA,NA,NA,NA,NA,NA,NA,NA,NA,NA,NA,NA,NA,NA,NA,NA,NA,NA,NA,NA,NA,NA,NA,NA,NA,NA,NA,NA,NA,NA,NA,NA,NA,NA,NA,NA,NA,NA,NA,NA,NA,NA,NA,NA,NA,NA,NA,NA,NA,NA,NA,NA,NA,NA,NA,NA,NA,NA,NA,NA,NA,NA,NA,NA,NA,NA,NA,NA,NA,NA,NA,NA,NA,NA,NA,NA,NA,NA,NA,NA,NA,NA,NA,NA,NA,NA,NA,NA,NA,NA,NA,NA,NA,NA,NA,NA,NA,NA,NA,NA,NA,NA,NA,NA,NA,NA,NA,NA,NA,NA,NA,36.69148055,-79.9067,NA,"03010103","Upper Dan","Beaver Creek-Smith River","RD-F","030101030801","Smith River-Beaver Creek","RD24","STREAM","Station sample at stream(freshwater,freeflow,surface water)","AMBNT","Monitor ambient conditions of environment","TMDL","Total Maximum Daily Load Station",NA,NA,"DEQ"
"4ABAU011.17",NA,"Off Rt. 922 upstream of Rt. 657 crossing","Blue Ridge","BRRO",2015-05-27 12:45:00,0,"S",50,"000002","FP",NA,NA,NA,NA,NA,NA,NA,7.3,NA,NA,7.3,NA,NA,NA,NA,NA,NA,NA,NA,64,NA,NA,NA,NA,NA,NA,NA,NA,NA,NA,NA,NA,NA,NA,NA,NA,NA,NA,NA,NA,NA,NA,NA,NA,NA,NA,NA,NA,NA,NA,NA,NA,NA,NA,NA,NA,NA,NA,NA,NA,NA,NA,NA,NA,NA,NA,NA,NA,NA,NA,NA,NA,NA,NA,NA,NA,NA,NA,NA,NA,NA,NA,NA,NA,NA,NA,NA,NA,NA,NA,NA,NA,NA,NA,NA,NA,NA,NA,NA,NA,NA,NA,NA,NA,NA,NA,NA,NA,NA,NA,NA,NA,NA,NA,NA,NA,NA,NA,NA,NA,NA,NA,NA,NA,NA,NA,NA,NA,NA,NA,NA,NA,NA,NA,NA,NA,NA,NA,NA,NA,NA,NA,NA,NA,NA,NA,NA,NA,NA,NA,NA,NA,NA,NA,NA,NA,NA,NA,NA,NA,36.78152778,-79.83454722,NA,"03010103","Upper Dan","Beaver Creek-Smith River","RD-F","030101030801","Smith River-Beaver Creek","RD24","STREAM","Station sample at stream(freshwater,freeflow,surface water)","AMBNT","Monitor ambient conditions of environment","APROB","Ambient Probabilistic Station","VAEQ99-461",NA,"DEQ"
"4ABAU011.17",NA,"Off Rt. 922 upstream of Rt. 657 crossing","Blue Ridge","BRRO",2017-08-29 13:00:00,0.03,"S",50,"000002","FP",NA,7.65,NA,NA,19.13,NA,NA,8.25,NA,NA,NA,NA,NA,8.25,NA,NA,NA,NA,NA,51.7,NA,NA,0.00174973523106059,NA,NA,0.65,NA,NA,0.03,"QQ",NA,0.3,NA,NA,0.31,NA,NA,0.65,NA,NA,NA,NA,NA,0.03,"QQ",NA,NA,NA,NA,0.01,"QQ",NA,NA,NA,NA,0.3,NA,NA,0.4,NA,NA,NA,NA,NA,NA,NA,NA,NA,NA,NA,NA,NA,NA,NA,NA,NA,0.08,NA,NA,0.08,NA,NA,NA,NA,NA,NA,NA,NA,NA,NA,NA,NA,NA,NA,0.03,NA,NA,NA,NA,NA,NA,NA,NA,NA,NA,NA,NA,NA,NA,NA,NA,NA,NA,NA,NA,NA,NA,NA,NA,NA,NA,NA,NA,NA,NA,NA,NA,NA,NA,NA,NA,NA,NA,NA,NA,NA,NA,NA,NA,NA,NA,NA,NA,NA,NA,NA,NA,NA,NA,NA,NA,NA,NA,NA,NA,NA,NA,NA,NA,NA,36.78152778,-79.83454722,NA,"03010103","Upper Dan","Beaver Creek-Smith River","RD-F","030101030801","Smith River-Beaver Creek","RD24","STREAM","Station sample at stream(freshwater,freeflow,surface water)","AMBNT","Monitor ambient conditions of environment","APROB","Ambient Probabilistic Station","VAEQ99-461",NA,"DEQ"
"4ACRV005.10",NA,"Hollins Univ campus, nr recycling center","Blue Ridge","BRRO",2015-04-29 10:25:00,0,"S",50,NA,"FP",NA,NA,NA,NA,NA,NA,NA,9.84,NA,NA,9.84,NA,NA,NA,NA,NA,NA,NA,NA,177,NA,NA,NA,NA,NA,NA,NA,NA,NA,NA,NA,NA,NA,NA,NA,NA,NA,NA,NA,NA,NA,NA,NA,NA,NA,NA,NA,NA,NA,NA,NA,NA,NA,NA,NA,NA,NA,NA,NA,NA,NA,NA,NA,NA,NA,NA,NA,NA,NA,NA,NA,NA,NA,NA,NA,NA,NA,NA,NA,NA,NA,NA,NA,NA,NA,NA,NA,NA,NA,NA,NA,NA,NA,NA,NA,NA,NA,NA,NA,NA,NA,NA,NA,NA,NA,NA,NA,NA,NA,NA,NA,NA,NA,NA,NA,NA,NA,NA,NA,NA,NA,NA,NA,NA,NA,NA,NA,NA,NA,NA,NA,NA,NA,NA,NA,NA,NA,NA,NA,NA,NA,NA,NA,NA,NA,NA,NA,NA,NA,NA,NA,NA,NA,NA,NA,NA,NA,NA,NA,NA,37.3578,-79.9483,NA,"03010101","Upper Roanoke","Carvin Creek","RU-D","030101010402","Carvin Creek","RU12","STREAM","Station sample at stream(freshwater,freeflow,surface water)","AMBNT","Monitor ambient conditions of environment","APROB","Ambient Probabilistic Station","VARS11-295",NA,"DEQ"
"4ADEE000.06",NA,"Brookside Park","Blue Ridge","BRRO",2016-04-18 14:30:00,0,"S",50,NA,"PT",NA,NA,NA,NA,NA,NA,NA,10.65,NA,NA,10.65,NA,NA,NA,NA,NA,NA,NA,NA,474,NA,NA,NA,NA,NA,NA,NA,NA,NA,NA,NA,NA,NA,NA,NA,NA,NA,NA,NA,NA,NA,NA,NA,NA,NA,NA,NA,NA,NA,NA,NA,NA,NA,NA,NA,NA,NA,NA,NA,NA,NA,NA,NA,NA,NA,NA,NA,NA,NA,NA,NA,NA,NA,NA,NA,NA,NA,NA,NA,NA,NA,NA,NA,NA,NA,NA,NA,NA,NA,NA,NA,NA,NA,NA,NA,NA,NA,NA,NA,NA,NA,NA,NA,NA,NA,NA,NA,NA,NA,NA,NA,NA,NA,NA,NA,NA,NA,NA,NA,NA,NA,NA,NA,NA,NA,NA,NA,NA,NA,NA,NA,NA,NA,NA,NA,NA,NA,NA,NA,NA,NA,NA,NA,NA,NA,NA,NA,NA,NA,NA,NA,NA,NA,NA,NA,NA,NA,NA,NA,NA,37.3316,-79.9512,NA,"03010101","Upper Roanoke","Carvin Creek","RU-D","030101010402","Carvin Creek","RU12","STREAM","Station sample at stream(freshwater,freeflow,surface water)","AMBNT","Monitor ambient conditions of environment","APROB","Ambient Probabilistic Station",NA,NA,"DEQ"
"4AFNG003.54",NA,"Rt.707 Bridge","Blue Ridge","BRRO",2016-03-23 13:00:00,0,"S",50,NA,"FP",NA,NA,NA,NA,NA,NA,NA,11.11,NA,NA,NA,NA,NA,11.11,NA,NA,NA,NA,NA,80,NA,NA,NA,NA,NA,NA,NA,NA,NA,NA,NA,NA,NA,NA,NA,NA,NA,NA,NA,NA,NA,NA,NA,NA,NA,NA,NA,NA,NA,NA,NA,NA,NA,NA,NA,NA,NA,NA,NA,NA,NA,NA,NA,NA,NA,NA,NA,NA,NA,NA,NA,NA,NA,NA,NA,NA,NA,NA,NA,NA,NA,NA,NA,NA,NA,NA,NA,NA,NA,NA,NA,NA,NA,NA,NA,NA,NA,NA,NA,NA,NA,NA,NA,NA,NA,NA,NA,NA,NA,NA,NA,NA,NA,NA,NA,NA,NA,NA,NA,NA,NA,NA,NA,NA,NA,NA,NA,NA,NA,NA,NA,NA,NA,NA,NA,NA,NA,NA,NA,NA,NA,NA,NA,NA,NA,NA,NA,NA,NA,NA,NA,NA,NA,NA,NA,NA,NA,NA,NA,NA,37.23801667,-79.43042778,NA,"03010101","Upper Roanoke","Orrix Creek-Big Otter River","RU-O","030101011501","Big Otter River-Orrix Creek","RU55","STREAM","Station sample at stream(freshwater,freeflow,surface water)","AMBNT","Monitor ambient conditions of environment","APROB","Ambient Probabilistic Station",NA,NA,"DEQ"
"4AGSE021.57",NA,"Dnstr. of Rt. 24","Blue Ridge","BRRO",2016-05-16 10:45:00,0,"S",50,NA,"FP",NA,NA,NA,NA,NA,NA,NA,10.46,NA,NA,10.46,NA,NA,NA,NA,NA,NA,NA,NA,140.6,NA,NA,NA,NA,NA,NA,NA,NA,NA,NA,NA,NA,NA,NA,NA,NA,NA,NA,NA,NA,NA,NA,NA,NA,NA,NA,NA,NA,NA,NA,NA,NA,NA,NA,NA,NA,NA,NA,NA,NA,NA,NA,NA,NA,NA,NA,NA,NA,NA,NA,NA,NA,NA,NA,NA,NA,NA,NA,NA,NA,NA,NA,NA,NA,NA,NA,NA,NA,NA,NA,NA,NA,NA,NA,NA,NA,NA,NA,NA,NA,NA,NA,NA,NA,NA,NA,NA,NA,NA,NA,NA,NA,NA,NA,NA,NA,NA,NA,NA,NA,NA,NA,NA,NA,NA,NA,NA,NA,NA,NA,NA,NA,NA,NA,NA,NA,NA,NA,NA,NA,NA,NA,NA,NA,NA,NA,NA,NA,NA,NA,NA,NA,NA,NA,NA,NA,NA,NA,NA,NA,37.22226111,-79.58043611,NA,"03010101","Upper Roanoke","Wolf Creek-Goose Creek","RU-K","030101011103","Goose Creek-Wolf Creek","RU41","STREAM","Station sample at stream(freshwater,freeflow,surface water)","AMBNT","Monitor ambient conditions of environment","APROB","Ambient Probabilistic Station","VA-1056",NA,"DEQ"
"4ASOO002.56",NA,"Dnstr of Golf Course Rd (rt. 832)","Blue Ridge","BRRO",2015-04-16 11:30:00,0,"S",50,NA,"FP",NA,NA,NA,NA,NA,NA,NA,11.8,NA,NA,11.8,NA,NA,NA,NA,NA,NA,NA,NA,46,NA,NA,NA,NA,NA,NA,NA,NA,NA,NA,NA,NA,NA,NA,NA,NA,NA,NA,NA,NA,NA,NA,NA,NA,NA,NA,NA,NA,NA,NA,NA,NA,NA,NA,NA,NA,NA,NA,NA,NA,NA,NA,NA,NA,NA,NA,NA,NA,NA,NA,NA,NA,NA,NA,NA,NA,NA,NA,NA,NA,NA,NA,NA,NA,NA,NA,NA,NA,NA,NA,NA,NA,NA,NA,NA,NA,NA,NA,NA,NA,NA,NA,NA,NA,NA,NA,NA,NA,NA,NA,NA,NA,NA,NA,NA,NA,NA,NA,NA,NA,NA,NA,NA,NA,NA,NA,NA,NA,NA,NA,NA,NA,NA,NA,NA,NA,NA,NA,NA,NA,NA,NA,NA,NA,NA,NA,NA,NA,NA,NA,NA,NA,NA,NA,NA,NA,NA,NA,NA,NA,36.5836,-80.1128,NA,"03010103","Upper Dan","Spoon Creek","RD-B","030101030403","Spoon Creek","RD08","STREAM","Station sample at stream(freshwater,freeflow,surface water)","AMBNT","Monitor ambient conditions of environment","APROB","Ambient Probabilistic Station","VARS11-198",NA,"DEQ"
"4ASRE006.91",NA,"Dnstr of Morgan Ford, near NC border","Blue Ridge","BRRO",2016-08-24 10:15:00,0,"S",50,"000002","FP",NA,NA,NA,NA,NA,NA,NA,8.15,NA,NA,8.15,NA,NA,NA,NA,NA,NA,NA,NA,76,NA,NA,NA,NA,NA,NA,NA,NA,NA,NA,NA,NA,NA,NA,NA,NA,NA,NA,NA,NA,NA,NA,NA,NA,NA,NA,NA,NA,NA,NA,NA,NA,NA,NA,NA,NA,NA,NA,NA,NA,NA,NA,NA,NA,NA,NA,NA,NA,NA,NA,NA,NA,NA,NA,NA,NA,NA,NA,NA,NA,NA,NA,NA,NA,NA,NA,NA,NA,NA,NA,NA,NA,NA,NA,NA,NA,NA,NA,NA,NA,NA,NA,NA,NA,NA,NA,NA,NA,NA,NA,NA,NA,NA,NA,NA,NA,NA,NA,NA,NA,NA,NA,NA,NA,NA,NA,NA,NA,NA,NA,NA,NA,NA,NA,NA,NA,NA,NA,NA,NA,NA,NA,NA,NA,NA,NA,NA,NA,NA,NA,NA,NA,NA,NA,NA,NA,NA,NA,NA,NA,36.5481,-79.7582,NA,"03010103","Upper Dan","Fall Creek-Smith River","RD-F","030101030807","Smith River-Fall Creek","RD30","STREAM","Station sample at stream(freshwater,freeflow,surface water)","AMBNT","Monitor ambient conditions of environment","APROB","Ambient Probabilistic Station","VARS11-024",NA,"DEQ"
"4ASRE031.00",NA,"Behind Church at Kohler","Blue Ridge","BRRO",2016-04-25 13:30:00,0,"S",50,NA,"FP",NA,NA,NA,NA,NA,NA,NA,12.2,NA,NA,12.2,NA,NA,NA,NA,NA,NA,NA,NA,56,NA,NA,NA,NA,NA,NA,NA,NA,NA,NA,NA,NA,NA,NA,NA,NA,NA,NA,NA,NA,NA,NA,NA,NA,NA,NA,NA,NA,NA,NA,NA,NA,NA,NA,NA,NA,NA,NA,NA,NA,NA,NA,NA,NA,NA,NA,NA,NA,NA,NA,NA,NA,NA,NA,NA,NA,NA,NA,NA,NA,NA,NA,NA,NA,NA,NA,NA,NA,NA,NA,NA,NA,NA,NA,NA,NA,NA,NA,NA,NA,NA,NA,NA,NA,NA,NA,NA,NA,NA,NA,NA,NA,NA,NA,NA,NA,NA,NA,NA,NA,NA,NA,NA,NA,NA,NA,NA,NA,NA,NA,NA,NA,NA,NA,NA,NA,NA,NA,NA,NA,NA,NA,NA,NA,NA,NA,NA,NA,NA,NA,NA,NA,NA,NA,NA,NA,NA,NA,NA,NA,36.68848889,-79.90993056,NA,"03010103","Upper Dan","Beaver Creek-Smith River","RD-F","030101030801","Smith River-Beaver Creek","RD24","STREAM","Station sample at stream(freshwater,freeflow,surface water)","AMBNT","Monitor ambient conditions of environment","BIOMON","Biological Monitoring site",NA,NA,"DEQ"
"4ASRE063.69",NA,"Upstr of confluence with Shooting Creek","Blue Ridge","BRRO",2016-05-10 11:30:00,0,"S",50,"000002","FP",NA,NA,NA,NA,NA,NA,NA,10.21,NA,NA,10.21,NA,NA,NA,NA,NA,NA,NA,NA,53,NA,NA,NA,NA,NA,NA,NA,NA,NA,NA,NA,NA,NA,NA,NA,NA,NA,NA,NA,NA,NA,NA,NA,NA,NA,NA,NA,NA,NA,NA,NA,NA,NA,NA,NA,NA,NA,NA,NA,NA,NA,NA,NA,NA,NA,NA,NA,NA,NA,NA,NA,NA,NA,NA,NA,NA,NA,NA,NA,NA,NA,NA,NA,NA,NA,NA,NA,NA,NA,NA,NA,NA,NA,NA,NA,NA,NA,NA,NA,NA,NA,NA,NA,NA,NA,NA,NA,NA,NA,NA,NA,NA,NA,NA,NA,NA,NA,NA,NA,NA,NA,NA,NA,NA,NA,NA,NA,NA,NA,NA,NA,NA,NA,NA,NA,NA,NA,NA,NA,NA,NA,NA,NA,NA,NA,NA,NA,NA,NA,NA,NA,NA,NA,NA,NA,NA,NA,NA,NA,NA,36.8436,-80.1617,NA,"03010103","Upper Dan","Widgeon Creek-Smith River","RD-D","030101030603","Smith River-Widgeon Creek","RD17","STREAM","Station sample at stream(freshwater,freeflow,surface water)","AMBNT","Monitor ambient conditions of environment","APROB","Ambient Probabilistic Station","VARS11-008",NA,"DEQ"
"4ATKR009.30",NA,"Summer View Dr. bridge at Hollins","Blue Ridge","BRRO",2018-05-03 12:45:00,0,"S",50,"000002","PT",NA,NA,NA,NA,NA,NA,NA,10.87,NA,NA,NA,NA,NA,10.87,NA,NA,NA,NA,NA,472,NA,NA,NA,NA,NA,NA,NA,NA,NA,NA,NA,NA,NA,NA,NA,NA,NA,NA,NA,NA,NA,NA,NA,NA,NA,NA,NA,NA,NA,NA,NA,NA,NA,NA,NA,NA,NA,NA,NA,NA,NA,NA,NA,NA,NA,NA,NA,NA,NA,NA,NA,NA,NA,NA,NA,NA,NA,NA,NA,NA,NA,NA,NA,NA,NA,NA,NA,NA,NA,NA,NA,NA,NA,NA,NA,NA,NA,NA,NA,NA,NA,NA,NA,NA,NA,NA,NA,NA,NA,NA,NA,NA,NA,NA,NA,NA,NA,NA,NA,NA,NA,NA,NA,NA,NA,NA,NA,NA,NA,NA,NA,NA,NA,NA,NA,NA,NA,NA,NA,NA,NA,NA,NA,NA,NA,NA,NA,NA,NA,NA,NA,NA,NA,NA,NA,NA,NA,NA,NA,NA,37.35583333,-79.92944444,NA,"03010101","Upper Roanoke","Buffalo Creek-Tinker Creek","RU-D","030101010401","Tinker Creek-Buffalo Creek","RU11","STREAM","Station sample at stream(freshwater,freeflow,surface water)","AMBNT","Monitor ambient conditions of environment","AWTSHD","Ambient Watershed Station",NA,NA,"DEQ"
"4ATKR009.30",NA,"Summer View Dr. bridge at Hollins","Blue Ridge","BRRO",2019-04-08 10:15:00,0,"S",50,"000002","PT",NA,NA,NA,NA,NA,NA,NA,10.62,NA,NA,NA,NA,NA,10.62,NA,NA,NA,NA,NA,469.9,NA,NA,NA,NA,NA,NA,NA,NA,NA,NA,NA,NA,NA,NA,NA,NA,NA,NA,NA,NA,NA,NA,NA,NA,NA,NA,NA,NA,NA,NA,NA,NA,NA,NA,NA,NA,NA,NA,NA,NA,NA,NA,NA,NA,NA,NA,NA,NA,NA,NA,NA,NA,NA,NA,NA,NA,NA,NA,NA,NA,NA,NA,NA,NA,NA,NA,NA,NA,NA,NA,NA,NA,NA,NA,NA,NA,NA,NA,NA,NA,NA,NA,NA,NA,NA,NA,NA,NA,NA,NA,NA,NA,NA,NA,NA,NA,NA,NA,NA,NA,NA,NA,NA,NA,NA,NA,NA,NA,NA,NA,NA,NA,NA,NA,NA,NA,NA,NA,NA,NA,NA,NA,NA,NA,NA,NA,NA,NA,NA,NA,NA,NA,NA,NA,NA,NA,NA,NA,NA,NA,37.35583333,-79.92944444,NA,"03010101","Upper Roanoke","Buffalo Creek-Tinker Creek","RU-D","030101010401","Tinker Creek-Buffalo Creek","RU11","STREAM","Station sample at stream(freshwater,freeflow,surface water)","AMBNT","Monitor ambient conditions of environment","AWTSHD","Ambient Watershed Station",NA,NA,"DEQ"
"4AXOJ001.34",NA,"Along Rt. 638","Blue Ridge","BRRO",2015-05-05 14:20:00,0,"S",50,NA,"FP",NA,NA,NA,NA,NA,NA,NA,9.41,NA,NA,9.41,NA,NA,NA,NA,NA,NA,NA,NA,49,NA,NA,NA,NA,NA,NA,NA,NA,NA,NA,NA,NA,NA,NA,NA,NA,NA,NA,NA,NA,NA,NA,NA,NA,NA,NA,NA,NA,NA,NA,NA,NA,NA,NA,NA,NA,NA,NA,NA,NA,NA,NA,NA,NA,NA,NA,NA,NA,NA,NA,NA,NA,NA,NA,NA,NA,NA,NA,NA,NA,NA,NA,NA,NA,NA,NA,NA,NA,NA,NA,NA,NA,NA,NA,NA,NA,NA,NA,NA,NA,NA,NA,NA,NA,NA,NA,NA,NA,NA,NA,NA,NA,NA,NA,NA,NA,NA,NA,NA,NA,NA,NA,NA,NA,NA,NA,NA,NA,NA,NA,NA,NA,NA,NA,NA,NA,NA,NA,NA,NA,NA,NA,NA,NA,NA,NA,NA,NA,NA,NA,NA,NA,NA,NA,NA,NA,NA,NA,NA,NA,37.4609,-79.4021,NA,"03010101","Upper Roanoke","North Otter Creek","RU-N","030101011402","North Otter Creek","RU50","STREAM","Station sample at stream(freshwater,freeflow,surface water)","AMBNT","Monitor ambient conditions of environment","APROB","Ambient Probabilistic Station","VARS11-229",NA,"DEQ"
"4AXOL000.94",NA,"Btw Rt. 755 and 689 near Thaxton","Blue Ridge","BRRO",2016-03-23 10:30:00,0,"S",50,"000002","FP",NA,NA,NA,NA,NA,NA,NA,11.12,NA,NA,11.12,NA,NA,NA,NA,NA,NA,NA,NA,60,NA,NA,NA,NA,NA,NA,NA,NA,NA,NA,NA,NA,NA,NA,NA,NA,NA,NA,NA,NA,NA,NA,NA,NA,NA,NA,NA,NA,NA,NA,NA,NA,NA,NA,NA,NA,NA,NA,NA,NA,NA,NA,NA,NA,NA,NA,NA,NA,NA,NA,NA,NA,NA,NA,NA,NA,NA,NA,NA,NA,NA,NA,NA,NA,NA,NA,NA,NA,NA,NA,NA,NA,NA,NA,NA,NA,NA,NA,NA,NA,NA,NA,NA,NA,NA,NA,NA,NA,NA,NA,NA,NA,NA,NA,NA,NA,NA,NA,NA,NA,NA,NA,NA,NA,NA,NA,NA,NA,NA,NA,NA,NA,NA,NA,NA,NA,NA,NA,NA,NA,NA,NA,NA,NA,NA,NA,NA,NA,NA,NA,NA,NA,NA,NA,NA,NA,NA,NA,NA,NA,37.3432,-79.6358,NA,"03010101","Upper Roanoke","North Fork Goose Creek-Goose Creek","RU-K","030101011101","Goose Creek-North Fork Goose Creek","RU39","STREAM","Station sample at stream(freshwater,freeflow,surface water)","AMBNT","Monitor ambient conditions of environment","APROB","Ambient Probabilistic Station","VARS11-004",NA,"DEQ"
"9-BVR001.70",NA,"Off rt. 705 (Beaver Cr Rd)","Blue Ridge","BRRO",2018-04-10 13:30:00,0,"S",50,"000002","FP",NA,NA,NA,NA,NA,NA,NA,12.1,NA,NA,NA,NA,NA,12.1,NA,NA,NA,NA,NA,51.5,NA,NA,NA,NA,NA,NA,NA,NA,NA,NA,NA,NA,NA,NA,NA,NA,NA,NA,NA,NA,NA,NA,NA,NA,NA,NA,NA,NA,NA,NA,NA,NA,NA,NA,NA,NA,NA,NA,NA,NA,NA,NA,NA,NA,NA,NA,NA,NA,NA,NA,NA,NA,NA,NA,NA,NA,NA,NA,NA,NA,NA,NA,NA,NA,NA,NA,NA,NA,NA,NA,NA,NA,NA,NA,NA,NA,NA,NA,NA,NA,NA,NA,NA,NA,NA,NA,NA,NA,NA,NA,NA,NA,NA,NA,NA,NA,NA,NA,NA,NA,NA,NA,NA,NA,NA,NA,NA,NA,NA,NA,NA,NA,NA,NA,NA,NA,NA,NA,NA,NA,NA,NA,NA,NA,NA,NA,NA,NA,NA,NA,NA,NA,NA,NA,NA,NA,NA,NA,NA,NA,36.959386,-80.383414,NA,"05050001","Upper New","Brush Creek-Little River","NE-P","050500011701","Little River-Brush Creek","NE52","STREAM","Station sample at stream(freshwater,freeflow,surface water)","AMBNT","Monitor ambient conditions of environment","BIOMON","Biological Monitoring site","VA-1172",NA,"DEQ"
"9-LWK023.25",NA,"Along Rt. 601","Southwest","BRRO",2015-05-04 09:45:00,0,"S",50,NA,"FP",NA,NA,NA,NA,NA,NA,NA,8.5,NA,NA,8.5,NA,NA,NA,NA,NA,NA,NA,NA,65,NA,NA,NA,NA,NA,NA,NA,NA,NA,NA,NA,NA,NA,NA,NA,NA,NA,NA,NA,NA,NA,NA,NA,NA,NA,NA,NA,NA,NA,NA,NA,NA,NA,NA,NA,NA,NA,NA,NA,NA,NA,NA,NA,NA,NA,NA,NA,NA,NA,NA,NA,NA,NA,NA,NA,NA,NA,NA,NA,NA,NA,NA,NA,NA,NA,NA,NA,NA,NA,NA,NA,NA,NA,NA,NA,NA,NA,NA,NA,NA,NA,NA,NA,NA,NA,NA,NA,NA,NA,NA,NA,NA,NA,NA,NA,NA,NA,NA,NA,NA,NA,NA,NA,NA,NA,NA,NA,NA,NA,NA,NA,NA,NA,NA,NA,NA,NA,NA,NA,NA,NA,NA,NA,NA,NA,NA,NA,NA,NA,NA,NA,NA,NA,NA,NA,NA,NA,NA,NA,NA,37.0651,-81.0006,NA,"05050002","Middle New","Little Walker Creek","NE-S","050500020202","Little Walker Creek","NE72","STREAM","Station sample at stream(freshwater,freeflow,surface water)","AMBNT","Monitor ambient conditions of environment","APROB","Ambient Probabilistic Station","VARS11-221",NA,"DEQ"
"9-NEW034.99",NA,"Below boat ramp at Narrows CG","Blue Ridge","BRRO",2016-08-30 10:30:00,0,"S",50,NA,"FP",NA,NA,NA,NA,NA,NA,NA,8.07,NA,NA,8.07,NA,NA,NA,NA,NA,NA,NA,NA,199,NA,NA,NA,NA,NA,NA,NA,NA,NA,NA,NA,NA,NA,NA,NA,NA,NA,NA,NA,NA,NA,NA,NA,NA,NA,NA,NA,NA,NA,NA,NA,NA,NA,NA,NA,NA,NA,NA,NA,NA,NA,NA,NA,NA,NA,NA,NA,NA,NA,NA,NA,NA,NA,NA,NA,NA,NA,NA,NA,NA,NA,NA,NA,NA,NA,NA,NA,NA,NA,NA,NA,NA,NA,NA,NA,NA,NA,NA,NA,NA,NA,NA,NA,NA,NA,NA,NA,NA,NA,NA,NA,NA,NA,NA,NA,NA,NA,NA,NA,NA,NA,NA,NA,NA,NA,NA,NA,NA,NA,NA,NA,NA,NA,NA,NA,NA,NA,NA,NA,NA,NA,NA,NA,NA,NA,NA,NA,NA,NA,NA,NA,NA,NA,NA,NA,NA,NA,NA,NA,NA,37.34806111,-80.80924444,NA,"05050002","Middle New","Clendennin Creek-Bluestone Lake","NE-W","050500020602","New River-Bluestone Lake-Clendennin Creek","NE83","STREAM","Station sample at stream(freshwater,freeflow,surface water)","AMBNT","Monitor ambient conditions of environment","APROB","Ambient Probabilistic Station","VA-1008",NA,"DEQ"
"9-NEW058.93",NA,"Below Confl with Bear Spring Br","Blue Ridge","BRRO",2015-10-14 14:40:00,0,"S",50,NA,"FP",NA,NA,NA,NA,NA,NA,NA,7.64,NA,NA,7.64,NA,NA,NA,NA,NA,NA,NA,NA,160,NA,NA,NA,NA,NA,NA,NA,NA,NA,NA,NA,NA,NA,NA,NA,NA,NA,NA,NA,NA,NA,NA,NA,NA,NA,NA,NA,NA,NA,NA,NA,NA,NA,NA,NA,NA,NA,NA,NA,NA,NA,NA,NA,NA,NA,NA,NA,NA,NA,NA,NA,NA,NA,NA,NA,NA,NA,NA,NA,NA,NA,NA,NA,NA,NA,NA,NA,NA,NA,NA,NA,NA,NA,NA,NA,NA,NA,NA,NA,NA,NA,NA,NA,NA,NA,NA,NA,NA,NA,NA,NA,NA,NA,NA,NA,NA,NA,NA,NA,NA,NA,NA,NA,NA,NA,NA,NA,NA,NA,NA,NA,NA,NA,NA,NA,NA,NA,NA,NA,NA,NA,NA,NA,NA,NA,NA,NA,NA,NA,NA,NA,NA,NA,NA,NA,NA,NA,NA,NA,NA,37.2565,-80.6116,NA,"05050002","Middle New","Bear Spring Branch-New River","NE-T","050500020301","New River-Bear Spring Branch","NE63","STREAM","Station sample at stream(freshwater,freeflow,surface water)","AMBNT","Monitor ambient conditions of environment","APROB","Ambient Probabilistic Station","VARS11-210",NA,"DEQ"
"9-NEW070.80",NA,"Dnstr of Stroubles Creek confluence","Blue Ridge","BRRO",2015-10-13 16:30:00,0,"S",50,"000002","FP",NA,NA,NA,NA,NA,NA,NA,8.71,NA,NA,8.71,NA,NA,NA,NA,NA,NA,NA,NA,126,NA,NA,NA,NA,NA,NA,NA,NA,NA,NA,NA,NA,NA,NA,NA,NA,NA,NA,NA,NA,NA,NA,NA,NA,NA,NA,NA,NA,NA,NA,NA,NA,NA,NA,NA,NA,NA,NA,NA,NA,NA,NA,NA,NA,NA,NA,NA,NA,NA,NA,NA,NA,NA,NA,NA,NA,NA,NA,NA,NA,NA,NA,NA,NA,NA,NA,NA,NA,NA,NA,NA,NA,NA,NA,NA,NA,NA,NA,NA,NA,NA,NA,NA,NA,NA,NA,NA,NA,NA,NA,NA,NA,NA,NA,NA,NA,NA,NA,NA,NA,NA,NA,NA,NA,NA,NA,NA,NA,NA,NA,NA,NA,NA,NA,NA,NA,NA,NA,NA,NA,NA,NA,NA,NA,NA,NA,NA,NA,NA,NA,NA,NA,NA,NA,NA,NA,NA,NA,NA,NA,37.1945,-80.517,NA,"05050001","Upper New","Stroubles Creek-New River","NE-Q","050500011803","New River-Stroubles Creek","NE59","STREAM","Station sample at stream(freshwater,freeflow,surface water)","AMBNT","Monitor ambient conditions of environment","APROB","Ambient Probabilistic Station","VARS11-027",NA,"DEQ"
"9-NEW083.29",NA,"Dnstr. of River St. boat ramp, Radford","Blue Ridge","BRRO",2016-08-31 15:00:00,0,"S",50,NA,"FP",NA,NA,NA,NA,NA,NA,NA,NA,NA,NA,NA,NA,NA,NA,NA,NA,NA,NA,NA,NA,NA,NA,NA,NA,NA,NA,NA,NA,NA,NA,NA,NA,NA,NA,NA,NA,NA,NA,NA,NA,NA,NA,NA,NA,NA,NA,NA,NA,NA,NA,NA,NA,NA,NA,NA,NA,NA,NA,NA,NA,NA,NA,NA,NA,NA,NA,NA,NA,NA,NA,NA,NA,NA,NA,NA,NA,NA,NA,NA,NA,NA,NA,NA,NA,NA,NA,NA,NA,NA,NA,NA,NA,NA,NA,NA,NA,NA,NA,NA,NA,NA,NA,NA,NA,NA,NA,NA,NA,NA,NA,NA,NA,NA,NA,NA,NA,NA,NA,NA,NA,NA,NA,NA,NA,NA,NA,NA,NA,NA,NA,NA,NA,NA,NA,NA,NA,NA,NA,NA,NA,NA,NA,NA,NA,NA,NA,NA,NA,NA,NA,NA,NA,NA,NA,NA,NA,NA,NA,NA,NA,37.12299167,-80.59590278,NA,"05050001","Upper New","Connellys Run-New River","NE-Q","050500011801","New River-Connellys Run","NE57","STREAM","Station sample at stream(freshwater,freeflow,surface water)","AMBNT","Monitor ambient conditions of environment","APROB","Ambient Probabilistic Station","VA-1044",NA,"DEQ"
